318786,12070,false,2000,400
318787,16448,false,600,2300
318788,16448,false,900,1700
318789,16448,false,900,1700
318790,16448,false,0,2359
318791,16448,false,0,2359
318792,16448,false,2000,400
318793,16448,false,900,1700
318794,16448,false,900,1700
318795,16448,false,600,2300
318796,16448,false,0,2359
318797,16448,false,900,1700
318798,16448,false,900,1700
318799,16448,false,0,2359
318800,16448,false,0,2359
326721,16448,false,600,2300
326722,20040,false,900,1700
326723,20040,false,600,2300
326724,20144,false,0,2359
326725,17730,false,0,2359
326726,12238,false,900,1700
326727,11922,false,900,1700
326728,11922,false,600,2300
326729,11922,false,0,2359
326730,11922,false,0,2359
326731,11922,false,900,1700
326732,11922,false,0,2359
326733,11922,false,900,1700
326734,13420,false,900,1700
326735,17559,false,0,2359
326736,14010,false,0,2359
326737,1105,false,600,2300
326738,1105,false,600,2300
326739,1105,false,0,2359
326740,13420,false,600,2300
326741,5721,false,900,1700
326742,7023,false,600,2300
326743,7023,false,600,2300
326744,7023,false,600,2300
326745,7023,false,0,2359
326746,17384,false,0,2359
326747,14925,false,600,2300
326748,8481,false,900,1700
326749,14419,false,0,2359
326750,14419,false,0,2359
326751,14419,false,0,2359
326752,14419,false,900,1700
326753,14419,false,600,2300
326754,14419,false,2000,400
326755,14419,false,2000,400
326756,14419,false,0,2359
326757,14419,false,0,2359
326758,14419,false,0,2359
326759,14419,false,0,2359
326760,14419,false,900,1700
326761,14419,false,0,2359
326762,14419,false,0,2359
326763,14419,false,900,1700
326764,14419,false,0,2359
326765,14419,false,900,1700
326766,14419,false,0,2359
326767,15805,false,600,2300
326768,15805,false,900,1700
326769,14276,false,600,2300
326770,17444,false,2000,400
326771,17444,false,0,2359
326772,17444,false,900,1700
326773,17444,false,0,2359
326774,17444,false,600,2300
326775,19191,false,600,2300
326776,10661,false,0,2359
326777,10661,false,0,2359
326778,10661,false,900,1700
326779,10661,false,0,2359
326780,10661,false,0,2359
326781,10661,false,0,2359
326782,10661,false,900,1700
326783,10661,false,0,2359
326784,10661,false,900,1700
326785,10661,false,0,2359
326786,10661,false,0,2359
326787,10661,false,0,2359
326788,10661,false,300,1200
326789,10661,false,600,2300
326790,10661,false,600,2300
326791,6419,false,2000,400
326792,12700,false,900,1700
326793,12700,false,0,2359
326794,10661,false,0,2359
326795,20554,false,600,2300
326796,19615,false,300,1200
326797,19615,false,0,2359
326798,19615,false,0,2359
326799,19615,false,900,1700
326800,19615,false,0,2359
326801,19615,false,900,1700
326802,19615,false,600,2300
326803,19615,false,900,1700
326804,17507,false,0,2359
326805,17543,false,0,2359
326806,20337,false,0,2359
326807,20337,false,0,2359
326808,20337,false,600,2300
326809,17062,false,600,2300
326810,17062,false,0,2359
326811,17062,false,900,1700
326812,17062,false,900,1700
326813,17062,false,900,1700
326814,17062,false,600,2300
326815,17062,false,0,2359
326816,17062,false,600,2300
326817,17062,false,600,2300
326818,5950,false,900,1700
326819,5950,false,600,2300
326820,5950,false,900,1700
326821,12558,false,0,2359
326822,4139,false,0,2359
326823,4942,false,0,2359
326824,4942,false,0,2359
326825,12558,false,2000,400
326826,20227,false,900,1700
326827,20227,false,600,2300
326828,17670,false,0,2359
326829,4912,false,0,2359
326830,14828,false,0,2359
326831,384,false,0,2359
326832,949,false,300,1200
326833,949,false,0,2359
326834,949,false,900,1700
326835,949,false,2000,400
326836,949,false,0,2359
326837,8062,false,2000,400
326838,16450,false,0,2359
326839,16450,false,600,2300
326840,16450,false,900,1700
326841,16450,false,0,2359
326842,16450,false,0,2359
326843,16450,false,900,1700
326844,16450,false,2000,400
326845,16450,false,0,2359
326846,16450,false,900,1700
326847,16450,false,0,2359
326848,16450,false,600,2300
326849,16450,false,0,2359
326850,16450,false,0,2359
326851,16450,false,900,1700
326852,16450,false,600,2300
326853,16450,false,600,2300
326854,16450,false,0,2359
326855,16450,false,0,2359
326856,16450,false,2000,400
326857,16450,false,0,2359
326858,16450,false,600,2300
326859,16450,false,600,2300
326860,16450,false,900,1700
326861,16450,false,0,2359
326862,16450,false,300,1200
326863,16450,false,900,1700
326864,16450,false,600,2300
326865,16450,false,600,2300
326866,16450,false,0,2359
326867,16450,false,0,2359
326868,16450,false,0,2359
326869,16450,false,900,1700
326870,20234,false,900,1700
326871,20234,false,300,1200
326872,20234,false,0,2359
326873,10203,false,600,2300
326874,10203,false,900,1700
326875,10203,false,0,2359
326876,10203,false,0,2359
326877,4139,false,0,2359
326878,4139,false,600,2300
326879,17083,false,0,2359
326880,17559,false,2000,400
326881,17559,false,600,2300
326882,17559,false,900,1700
326883,17559,false,0,2359
326884,2542,false,600,2300
326885,11946,false,600,2300
326886,11946,false,900,1700
326887,11946,false,0,2359
326888,11946,false,600,2300
326889,11946,false,300,1200
326890,19146,false,600,2300
326891,3117,false,600,2300
326892,3117,false,0,2359
326893,3117,false,900,1700
326894,3117,false,900,1700
326895,3117,false,900,1700
326896,20235,false,900,1700
326897,13687,false,0,2359
326898,13687,false,0,2359
326899,13687,false,0,2359
326900,13687,false,0,2359
326901,13687,false,600,2300
326902,18824,false,900,1700
326903,11558,false,900,1700
326904,4912,false,0,2359
326905,4912,false,0,2359
326906,4001,false,900,1700
326907,4001,false,0,2359
326908,4001,false,2000,400
326909,4001,false,300,1200
326910,4287,false,900,1700
326911,8805,false,2000,400
326912,15180,false,600,2300
326913,15180,false,600,2300
326914,8151,false,300,1200
326915,8151,false,0,2359
326916,8151,false,300,1200
326917,8151,false,300,1200
326918,6094,false,0,2359
326919,5731,false,0,2359
326920,14018,false,0,2359
326921,846,false,0,2359
326922,846,false,600,2300
326923,20348,false,0,2359
326924,20348,false,0,2359
326925,20348,false,600,2300
326926,20348,false,0,2359
326927,20348,false,900,1700
326928,20348,false,0,2359
326929,20348,false,300,1200
326930,20348,false,600,2300
326931,20348,false,0,2359
326932,7380,false,600,2300
326933,7380,false,0,2359
326934,7380,false,600,2300
326935,9523,false,900,1700
326936,19244,false,900,1700
326937,19244,false,0,2359
326938,19244,false,900,1700
326939,19244,false,900,1700
326940,19244,false,0,2359
326941,19244,false,600,2300
326942,19244,false,900,1700
326943,19244,false,0,2359
326944,19244,false,900,1700
326945,12700,false,0,2359
326946,12700,false,900,1700
326947,11159,false,900,1700
326948,20336,false,2000,400
326949,20336,false,0,2359
326950,1025,false,0,2359
326951,1025,false,900,1700
326952,70,false,0,2359
326953,56,false,600,2300
326954,56,false,900,1700
326955,56,false,0,2359
326956,6412,false,0,2359
326957,6412,false,300,1200
326958,6412,false,900,1700
326959,6412,false,900,1700
326960,6412,false,0,2359
326961,17482,false,600,2300
326962,17482,false,0,2359
326963,17482,false,900,1700
326964,17482,false,900,1700
326965,17482,false,900,1700
326966,17482,false,0,2359
326967,17482,false,900,1700
326968,17482,false,300,1200
326969,17482,false,600,2300
326970,13188,false,0,2359
326971,13188,false,0,2359
326972,14703,false,2000,400
326973,11769,false,600,2300
326974,11769,false,600,2300
326975,11769,false,0,2359
326976,11769,false,0,2359
326977,11769,false,0,2359
326978,11769,false,900,1700
326979,11769,false,0,2359
326980,11769,false,900,1700
326981,14408,false,900,1700
326982,14408,false,900,1700
326983,14408,false,900,1700
326984,7837,false,900,1700
326985,7837,false,900,1700
326986,7837,false,0,2359
326987,7837,false,600,2300
326988,7837,false,600,2300
326989,7837,false,900,1700
326990,7837,false,900,1700
326991,7837,false,900,1700
326992,7837,false,0,2359
326993,7837,false,900,1700
326994,7837,false,600,2300
326995,7837,false,0,2359
326996,7837,false,0,2359
326997,7837,false,0,2359
326998,7837,false,600,2300
326999,7837,false,0,2359
327000,7837,false,900,1700
327001,7837,false,0,2359
327002,7837,false,900,1700
327003,7837,false,0,2359
327004,7837,false,600,2300
327005,7837,false,0,2359
327006,7837,false,0,2359
327007,7837,false,0,2359
327008,17777,false,0,2359
327009,10203,false,0,2359
327010,4823,false,900,1700
327011,1886,false,0,2359
327012,11747,false,900,1700
327013,11747,false,2000,400
327014,11747,false,2000,400
327015,11747,false,900,1700
327016,18932,false,900,1700
327017,18932,false,900,1700
327018,18932,false,900,1700
327019,15579,false,300,1200
327020,15579,false,2000,400
327021,15579,false,0,2359
327022,16736,false,900,1700
327023,16736,false,600,2300
327024,16736,false,900,1700
327025,11922,false,0,2359
327026,11922,false,0,2359
327027,11922,false,0,2359
327028,11922,false,900,1700
327029,19177,false,900,1700
327030,19177,false,900,1700
327031,19177,false,900,1700
327032,10469,false,0,2359
327033,10469,false,600,2300
327034,10469,false,900,1700
327035,10469,false,900,1700
327036,7478,false,2000,400
327037,7478,false,0,2359
327038,7478,false,2000,400
327039,12558,false,0,2359
327040,12558,false,0,2359
327041,12558,false,900,1700
327042,10661,false,600,2300
327043,10661,false,0,2359
327044,10661,false,900,1700
327045,20627,false,900,1700
327046,20627,false,600,2300
327047,4384,false,600,2300
327048,425,false,600,2300
327049,425,false,900,1700
327050,20461,false,2000,400
327051,13449,false,600,2300
327052,13449,false,900,1700
327053,13449,false,300,1200
327054,13449,false,900,1700
327055,13449,false,300,1200
327056,13449,false,900,1700
327057,13449,false,900,1700
327058,13449,false,0,2359
327059,13449,false,0,2359
327060,13449,false,900,1700
327061,13449,false,0,2359
327062,13449,false,0,2359
327063,13449,false,0,2359
327064,13449,false,2000,400
327065,13449,false,0,2359
327066,13449,false,600,2300
327067,13449,false,900,1700
327068,18932,false,600,2300
327069,18932,false,900,1700
327070,18932,false,900,1700
327071,18932,false,900,1700
327072,18932,false,0,2359
327073,384,false,300,1200
327074,384,false,600,2300
327075,384,false,0,2359
327076,384,false,900,1700
327077,19326,false,0,2359
327078,19326,false,2000,400
327079,19326,false,600,2300
327080,19326,false,900,1700
327081,19326,false,600,2300
327082,19326,false,900,1700
327083,19326,false,0,2359
327084,19326,false,900,1700
327085,2261,false,900,1700
327086,2261,false,600,2300
327087,2261,false,0,2359
327088,2261,false,900,1700
327089,2261,false,0,2359
327090,2261,false,0,2359
327091,2261,false,2000,400
327092,2261,false,900,1700
327093,2261,false,900,1700
327094,2261,false,600,2300
327095,2261,false,900,1700
327096,2261,false,900,1700
327097,2261,false,600,2300
327098,7960,false,900,1700
327099,20153,false,900,1700
327100,19664,false,600,2300
327101,10524,false,900,1700
327102,10524,false,0,2359
327103,383,false,0,2359
327104,17039,false,900,1700
327105,8248,false,0,2359
327106,5004,false,600,2300
327107,12700,false,600,2300
327108,12700,false,0,2359
327109,12700,false,0,2359
327110,8297,false,0,2359
327111,8297,false,900,1700
327112,8297,false,0,2359
327113,8297,false,900,1700
327114,8297,false,900,1700
327115,8297,false,0,2359
327116,8297,false,0,2359
327117,8297,false,900,1700
327118,8297,false,600,2300
327119,65,false,900,1700
327120,20136,false,900,1700
327121,20136,false,0,2359
327122,6220,false,900,1700
327123,15021,false,900,1700
327124,15021,false,2000,400
327125,15021,false,600,2300
327126,9205,false,0,2359
327127,127,false,600,2300
327128,3370,false,900,1700
327129,12525,false,2000,400
327130,7158,false,2000,400
327131,7158,false,0,2359
327132,9245,false,900,1700
327133,16450,false,0,2359
327134,16450,false,600,2300
327135,16450,false,0,2359
327136,16450,false,900,1700
327137,16450,false,900,1700
327138,2542,false,0,2359
327139,5871,false,900,1700
327140,18069,false,900,1700
327141,9386,false,600,2300
327142,9386,false,900,1700
327143,9386,false,0,2359
327144,9386,false,900,1700
327145,506,false,2000,400
327146,506,false,900,1700
327147,506,false,0,2359
327148,7996,false,600,2300
327149,7996,false,900,1700
327150,12481,false,900,1700
327151,3303,false,0,2359
327152,20099,false,300,1200
327153,17062,false,2000,400
327154,17062,false,300,1200
327155,17062,false,300,1200
327156,17062,false,0,2359
327157,17062,false,0,2359
327158,13019,false,600,2300
327159,8864,false,0,2359
327160,8864,false,0,2359
327161,4027,false,0,2359
327162,4027,false,600,2300
327163,4027,false,0,2359
327164,19059,false,2000,400
327165,10474,false,900,1700
327166,10474,false,900,1700
327167,10474,false,900,1700
327168,10474,false,0,2359
327169,8151,false,900,1700
327170,8151,false,0,2359
327171,8151,false,900,1700
327172,8151,false,600,2300
327173,8151,false,600,2300
327174,8151,false,0,2359
327175,7733,false,900,1700
327176,5854,false,0,2359
327177,8456,false,900,1700
327178,4609,false,2000,400
327179,3401,false,0,2359
327180,15103,false,600,2300
327181,15103,false,900,1700
327182,11991,false,0,2359
327183,15805,false,2000,400
327184,15805,false,0,2359
327185,15805,false,0,2359
327186,15805,false,900,1700
327187,15805,false,0,2359
327188,15805,false,600,2300
327189,15805,false,900,1700
327190,15805,false,900,1700
327191,15805,false,0,2359
327192,15805,false,900,1700
327193,15805,false,600,2300
327194,15805,false,900,1700
327195,15805,false,0,2359
327196,15805,false,600,2300
327197,1560,false,2000,400
327198,1560,false,600,2300
327199,1560,false,0,2359
327200,1560,false,0,2359
327201,1560,false,900,1700
327202,1560,false,900,1700
327203,1560,false,900,1700
327204,1560,false,900,1700
327205,1560,false,600,2300
327206,1560,false,0,2359
327207,1560,false,0,2359
327208,1560,false,300,1200
327209,1560,false,0,2359
327210,1560,false,900,1700
327211,1560,false,0,2359
327212,1560,false,0,2359
327213,1560,false,600,2300
327214,1560,false,0,2359
327215,1560,false,900,1700
327216,1560,false,900,1700
327217,16770,false,600,2300
327218,16770,false,0,2359
327219,16770,false,0,2359
327220,11495,false,600,2300
327221,11495,false,0,2359
327222,11495,false,900,1700
327223,11495,false,900,1700
327224,11495,false,0,2359
327225,11495,false,0,2359
327226,11495,false,900,1700
327227,11495,false,600,2300
327228,7730,false,0,2359
327229,7730,false,0,2359
327230,6913,false,0,2359
327231,6913,false,900,1700
327232,4139,false,0,2359
327233,4139,false,900,1700
327234,20293,false,900,1700
327235,20293,false,900,1700
327236,20293,false,0,2359
327237,20293,false,600,2300
327238,20293,false,0,2359
327239,20293,false,900,1700
327240,20293,false,0,2359
327241,20293,false,0,2359
327242,20293,false,900,1700
327243,20293,false,900,1700
327244,18824,false,600,2300
327245,18824,false,900,1700
327246,18824,false,0,2359
327247,18824,false,0,2359
327248,18824,false,600,2300
327249,18824,false,900,1700
327250,18824,false,600,2300
327251,15266,false,900,1700
327252,15266,false,0,2359
327253,15266,false,600,2300
327254,15266,false,600,2300
327255,8404,false,900,1700
327256,8404,false,0,2359
327257,8404,false,300,1200
327258,8404,false,600,2300
327259,11946,false,300,1200
327260,11946,false,900,1700
327261,11946,false,900,1700
327262,11946,false,0,2359
327263,11946,false,0,2359
327264,11946,false,600,2300
327265,11946,false,0,2359
327266,11946,false,300,1200
327267,11946,false,0,2359
327268,11946,false,300,1200
327269,11946,false,0,2359
327270,12558,false,0,2359
327271,12558,false,0,2359
327272,12558,false,300,1200
327273,12558,false,0,2359
327274,12558,false,0,2359
327275,12558,false,0,2359
327276,12558,false,0,2359
327277,12558,false,0,2359
327278,12558,false,0,2359
327279,12558,false,0,2359
327280,12558,false,0,2359
327281,12558,false,0,2359
327282,12558,false,900,1700
327283,12558,false,900,1700
327284,12558,false,600,2300
327285,12558,false,900,1700
327286,12558,false,900,1700
327287,12558,false,0,2359
327288,12558,false,600,2300
327289,12558,false,0,2359
327290,12558,false,600,2300
327291,12558,false,0,2359
327292,12558,false,900,1700
327293,12558,false,600,2300
327294,12558,false,0,2359
327295,12558,false,0,2359
327296,12558,false,0,2359
327297,12558,false,900,1700
327298,12558,false,0,2359
327299,12558,false,600,2300
327300,12558,false,300,1200
327301,12558,false,900,1700
327302,12558,false,600,2300
327303,12558,false,0,2359
327304,12558,false,600,2300
327305,7996,false,900,1700
327306,13976,false,900,1700
327307,7639,false,0,2359
327308,7639,false,0,2359
327309,7639,false,900,1700
327310,9474,false,0,2359
327311,9474,false,0,2359
327312,13051,false,600,2300
327313,13051,false,0,2359
327314,13051,false,900,1700
327315,13051,false,600,2300
327316,13051,false,0,2359
327317,20405,false,0,2359
327318,14202,false,0,2359
327319,7178,false,600,2300
327320,20363,false,300,1200
327321,20363,false,0,2359
327322,16939,false,900,1700
327323,10287,false,0,2359
327324,10861,false,600,2300
327325,10863,false,900,1700
327326,20624,false,0,2359
327327,4342,false,0,2359
327328,2316,false,600,2300
327329,14580,false,0,2359
327330,10449,false,900,1700
327331,10532,false,900,1700
327332,10532,false,0,2359
327333,10532,false,600,2300
327334,10532,false,0,2359
327335,10532,false,0,2359
327336,2316,false,0,2359
327337,1868,false,0,2359
327338,1868,false,600,2300
327339,1868,false,0,2359
327340,1868,false,0,2359
327341,1868,false,2000,400
327342,4342,false,600,2300
327343,3329,false,900,1700
327344,14419,false,0,2359
327345,3055,false,0,2359
327346,18771,false,600,2300
327347,1868,false,2000,400
327348,1868,false,900,1700
327349,1868,false,0,2359
327350,1868,false,900,1700
327351,1868,false,600,2300
327352,1868,false,600,2300
327353,1868,false,0,2359
327354,1868,false,0,2359
327355,1868,false,900,1700
327356,1868,false,600,2300
327357,1868,false,600,2300
327358,1868,false,900,1700
327359,1868,false,900,1700
327360,1868,false,600,2300
327361,1868,false,0,2359
327362,1868,false,0,2359
327363,1868,false,600,2300
327364,1868,false,600,2300
327365,12514,false,0,2359
327366,12514,false,600,2300
327367,12514,false,900,1700
327368,12514,false,300,1200
327369,12514,false,0,2359
327370,12514,false,900,1700
327371,12514,false,900,1700
327372,12514,false,600,2300
327373,12514,false,0,2359
327374,12514,false,600,2300
327375,12514,false,600,2300
327376,12514,false,900,1700
327377,12514,false,0,2359
327378,20627,false,600,2300
327379,20627,false,900,1700
327380,20627,false,900,1700
327381,20627,false,0,2359
327382,20627,false,600,2300
327383,20627,false,900,1700
327384,20627,false,0,2359
327385,20627,false,900,1700
327386,20627,false,600,2300
327387,20627,false,2000,400
327388,20627,false,600,2300
327389,19465,false,0,2359
327390,19465,false,0,2359
327391,17559,false,900,1700
327392,15969,false,900,1700
327393,15969,false,300,1200
327394,15969,false,0,2359
327395,246,false,0,2359
327396,18052,false,0,2359
327397,18052,false,900,1700
327398,18052,false,900,1700
327399,18052,false,0,2359
327400,18052,false,0,2359
327401,18052,false,600,2300
327402,18052,false,900,1700
327403,14363,false,900,1700
327404,14363,false,600,2300
327405,20081,false,900,1700
327406,20081,false,0,2359
327407,20081,false,0,2359
327408,20126,false,0,2359
327409,20126,false,0,2359
327410,20041,false,900,1700
327411,14363,false,900,1700
327412,5871,false,900,1700
327413,10507,false,600,2300
327414,10507,false,0,2359
327415,444,false,2000,400
327416,444,false,600,2300
327417,444,false,600,2300
327418,444,false,0,2359
327419,16544,false,0,2359
327420,15212,false,900,1700
327421,20371,false,0,2359
327422,20371,false,0,2359
327423,20371,false,0,2359
327424,19983,false,900,1700
327425,19983,false,0,2359
327426,19983,false,2000,400
327427,19983,false,0,2359
327428,19983,false,0,2359
327429,20371,false,300,1200
327430,4649,false,900,1700
327431,246,false,900,1700
327432,444,false,900,1700
327433,444,false,600,2300
327434,444,false,2000,400
327435,444,false,0,2359
327436,444,false,0,2359
327437,443,false,900,1700
327438,443,false,600,2300
327439,11054,false,600,2300
327440,11054,false,0,2359
327441,11054,false,0,2359
327442,11054,false,2000,400
327443,11054,false,0,2359
327444,11054,false,0,2359
327445,11054,false,0,2359
327446,11054,false,0,2359
327447,15969,false,0,2359
327448,443,false,900,1700
327449,443,false,900,1700
327450,10507,false,0,2359
327451,10507,false,0,2359
327452,11054,false,600,2300
327453,11054,false,600,2300
327454,10507,false,0,2359
327455,10507,false,300,1200
327456,3505,false,2000,400
327457,12453,false,900,1700
327458,7,false,900,1700
327459,7,false,300,1200
327460,7,false,0,2359
327461,7,false,600,2300
327462,7,false,900,1700
327463,3506,false,0,2359
327464,3506,false,0,2359
327465,20369,false,0,2359
327466,1155,false,900,1700
327467,1155,false,600,2300
327468,19706,false,900,1700
327469,20144,false,900,1700
327470,20144,false,600,2300
327471,20144,false,900,1700
327472,19706,false,900,1700
327473,19706,false,2000,400
327474,19706,false,900,1700
327475,20144,false,0,2359
327476,1155,false,0,2359
327477,1155,false,600,2300
327478,9358,false,900,1700
327479,4481,false,0,2359
327480,4481,false,600,2300
327481,4481,false,0,2359
327482,4481,false,300,1200
327483,7258,false,900,1700
327484,4752,false,900,1700
327485,9303,false,600,2300
327486,7654,false,0,2359
327487,767,false,0,2359
327488,767,false,2000,400
327489,11991,false,0,2359
327490,20130,false,600,2300
327491,20130,false,0,2359
327492,20130,false,300,1200
327493,20130,false,0,2359
327494,17603,false,600,2300
327495,13713,false,900,1700
327496,7357,false,0,2359
327497,7357,false,900,1700
327498,7357,false,900,1700
327499,7357,false,600,2300
327500,7357,false,0,2359
327501,3807,false,0,2359
327502,20237,false,0,2359
327503,20237,false,2000,400
327504,7717,false,0,2359
327505,7717,false,600,2300
327506,17910,false,900,1700
327507,17910,false,0,2359
327508,16544,false,300,1200
327509,16544,false,900,1700
327510,3807,false,900,1700
327511,18785,false,600,2300
327512,16663,false,0,2359
327513,5854,false,0,2359
327514,5854,false,600,2300
327515,8458,false,0,2359
327516,8458,false,300,1200
327517,12558,false,0,2359
327518,3161,false,600,2300
327519,3161,false,900,1700
327520,18347,false,2000,400
327521,20507,false,0,2359
327522,3370,false,900,1700
327523,3370,false,600,2300
327524,3370,false,2000,400
327525,3370,false,600,2300
327526,3370,false,0,2359
327527,3370,false,2000,400
327528,3370,false,0,2359
327529,3370,false,900,1700
327530,2140,false,0,2359
327531,2140,false,0,2359
327532,2140,false,0,2359
327533,2140,false,0,2359
327534,20075,false,900,1700
327535,20084,false,600,2300
327536,20084,false,0,2359
327537,20084,false,0,2359
327538,20084,false,900,1700
327539,20084,false,0,2359
327540,20084,false,2000,400
327541,20084,false,900,1700
327542,13713,false,600,2300
327543,12453,false,900,1700
327544,15969,false,0,2359
327545,20331,false,0,2359
327546,13187,false,600,2300
327547,124,false,0,2359
327548,13786,false,0,2359
327549,10739,false,900,1700
327550,5796,false,600,2300
327551,12215,false,900,1700
327552,17179,false,2000,400
327553,19451,false,0,2359
327554,9236,false,0,2359
327555,18836,false,0,2359
327556,10362,false,900,1700
327557,10362,false,0,2359
327558,10362,false,600,2300
327559,10362,false,0,2359
327560,2140,false,0,2359
327561,18347,false,900,1700
327562,18347,false,0,2359
327563,19451,false,300,1200
327564,14291,false,900,1700
327565,2542,false,900,1700
327566,13250,false,900,1700
327567,15007,false,900,1700
327568,19178,false,900,1700
327569,3261,false,600,2300
327570,10497,false,0,2359
327571,7996,false,0,2359
327572,7996,false,0,2359
327573,7996,false,900,1700
327574,7996,false,900,1700
327575,7996,false,600,2300
327576,7996,false,0,2359
327577,7996,false,900,1700
327578,7996,false,900,1700
327579,5668,false,0,2359
327580,15236,false,900,1700
327581,19706,false,0,2359
327582,15521,false,600,2300
327583,10469,false,0,2359
327584,10469,false,900,1700
327585,20483,false,600,2300
327586,20483,false,0,2359
327587,20627,false,600,2300
327588,6404,false,0,2359
327589,6404,false,900,1700
327590,6279,false,2000,400
327591,6279,false,600,2300
327592,1445,false,0,2359
327593,8963,false,0,2359
327594,1886,false,600,2300
327595,16950,false,900,1700
327596,16950,false,0,2359
327597,9072,false,0,2359
327598,14144,false,600,2300
327599,14144,false,900,1700
327600,14144,false,600,2300
327601,14144,false,0,2359
327602,16549,false,0,2359
327603,15499,false,600,2300
327604,9358,false,2000,400
327605,5915,false,0,2359
327606,14419,false,900,1700
327607,14419,false,2000,400
327608,14419,false,600,2300
327609,14419,false,0,2359
327610,9303,false,0,2359
327611,9303,false,900,1700
327612,14419,false,0,2359
327613,11621,false,300,1200
327614,11621,false,0,2359
327615,11621,false,600,2300
327616,11621,false,900,1700
327617,11621,false,2000,400
327618,20124,false,0,2359
327619,10203,false,600,2300
327620,10203,false,600,2300
327621,16868,false,2000,400
327622,3261,false,0,2359
327623,776,false,2000,400
327624,19706,false,600,2300
327625,19706,false,0,2359
327626,19706,false,0,2359
327627,19706,false,600,2300
327628,16950,false,300,1200
327629,2324,false,900,1700
327630,17730,false,0,2359
327631,7996,false,600,2300
327632,8569,false,0,2359
327633,20025,false,900,1700
327634,18313,false,600,2300
327635,12070,false,0,2359
327636,1868,false,0,2359
327637,16156,false,300,1200
327638,9382,false,0,2359
327639,467,false,900,1700
327640,4912,false,900,1700
327641,13704,false,2000,400
327642,20130,false,900,1700
327643,7110,false,0,2359
327644,1449,false,2000,400
327645,20337,false,900,1700
327646,1848,false,300,1200
327647,18568,false,0,2359
327648,949,false,600,2300
327649,949,false,0,2359
327650,13713,false,0,2359
327651,11999,false,600,2300
327652,9386,false,300,1200
327653,3292,false,600,2300
327654,4054,false,900,1700
327655,15835,false,0,2359
327656,20266,false,0,2359
327657,11315,false,900,1700
327658,20130,false,900,1700
327659,20266,false,0,2359
327660,6420,false,900,1700
327661,6420,false,900,1700
327662,6420,false,900,1700
327663,5147,false,0,2359
327664,14066,false,600,2300
327665,19137,false,600,2300
327666,8646,false,600,2300
327667,4277,false,900,1700
327668,4277,false,2000,400
327669,6571,false,900,1700
327670,8267,false,0,2359
327671,9647,false,600,2300
327672,18285,false,600,2300
327673,16151,false,900,1700
327674,8973,false,0,2359
327675,16730,false,900,1700
327676,14677,false,600,2300
327677,8321,false,900,1700
327678,5890,false,600,2300
327679,3241,false,0,2359
327680,19137,false,0,2359
327681,15368,false,900,1700
327682,19993,false,900,1700
327683,20223,false,600,2300
327684,9528,false,0,2359
327685,5602,false,2000,400
327686,18068,false,0,2359
327687,9362,false,600,2300
327688,16614,false,0,2359
327689,17813,false,900,1700
327690,16604,false,600,2300
327691,10778,false,600,2300
327692,3685,false,0,2359
327693,5969,false,900,1700
327694,9758,false,900,1700
327695,1574,false,900,1700
327696,18646,false,900,1700
327697,7022,false,900,1700
327698,11144,false,600,2300
327699,18396,false,0,2359
327700,7654,false,0,2359
327701,15756,false,600,2300
327702,2960,false,900,1700
327703,4073,false,0,2359
327704,3187,false,0,2359
327705,15820,false,600,2300
327706,15744,false,0,2359
327707,10491,false,0,2359
327708,20521,false,600,2300
327709,7991,false,0,2359
327710,18691,false,900,1700
327711,17031,false,900,1700
327712,17031,false,300,1200
327713,18826,false,600,2300
327714,6068,false,600,2300
327715,18426,false,900,1700
327716,8548,false,0,2359
327717,8548,false,600,2300
327718,14807,false,0,2359
327719,14284,false,0,2359
327720,7023,false,600,2300
327721,16011,false,0,2359
327722,18305,false,900,1700
327723,9303,false,2000,400
327724,9303,false,2000,400
327725,9303,false,0,2359
327726,9303,false,300,1200
327727,9303,false,0,2359
327728,9303,false,0,2359
327729,20606,false,0,2359
327730,20483,false,0,2359
327731,1975,false,0,2359
327732,15236,false,0,2359
327733,5042,false,600,2300
327734,19779,false,0,2359
327735,14708,false,900,1700
327736,20294,false,0,2359
327737,2597,false,0,2359
327738,9386,false,0,2359
327739,9165,false,0,2359
327740,14830,false,0,2359
327741,9303,false,2000,400
327742,17204,false,2000,400
327743,20514,false,0,2359
327744,12514,false,0,2359
327745,8040,false,0,2359
327746,20558,false,0,2359
327747,7684,false,900,1700
327748,2187,false,900,1700
327749,12142,false,2000,400
327750,4480,false,900,1700
327751,763,false,900,1700
327752,763,false,0,2359
327753,763,false,0,2359
327754,763,false,2000,400
327755,763,false,900,1700
327756,763,false,900,1700
327757,763,false,0,2359
327758,10783,false,0,2359
327759,10783,false,600,2300
327760,19846,false,900,1700
327761,20606,false,900,1700
327762,8874,false,2000,400
327763,19326,false,2000,400
327764,19326,false,900,1700
327765,19326,false,300,1200
327766,19326,false,0,2359
327767,19326,false,0,2359
327768,19326,false,0,2359
327769,15606,false,900,1700
327770,7227,false,300,1200
327771,5231,false,900,1700
327772,16787,false,0,2359
327773,3303,false,300,1200
327774,9303,false,900,1700
327775,18151,false,600,2300
327776,2156,false,600,2300
327777,2156,false,900,1700
327778,2156,false,900,1700
327779,5231,false,900,1700
327780,20371,false,600,2300
327781,18888,false,300,1200
327782,12546,false,300,1200
327783,12533,false,0,2359
327784,127,false,600,2300
327785,127,false,0,2359
327786,127,false,600,2300
327787,10507,false,900,1700
327788,10507,false,0,2359
327789,10507,false,600,2300
327790,10507,false,0,2359
327791,10507,false,0,2359
327792,10507,false,600,2300
327793,10507,false,900,1700
327794,16595,false,0,2359
327795,17438,false,900,1700
327796,1382,false,0,2359
327797,10469,false,600,2300
327798,10469,false,0,2359
327799,10469,false,300,1200
327800,10469,false,0,2359
327801,20606,false,900,1700
327802,16144,false,900,1700
327803,16144,false,0,2359
327804,16144,false,2000,400
327805,16144,false,900,1700
327806,16144,false,0,2359
327807,5242,false,300,1200
327808,5242,false,900,1700
327809,7178,false,900,1700
327810,7178,false,900,1700
327811,7178,false,0,2359
327812,7178,false,900,1700
327813,7178,false,900,1700
327814,7178,false,0,2359
327815,7178,false,900,1700
327816,7178,false,900,1700
327817,7178,false,2000,400
327818,7178,false,0,2359
327819,7178,false,0,2359
327820,7178,false,900,1700
327821,17569,false,600,2300
327822,17569,false,0,2359
327823,17569,false,600,2300
327824,17569,false,900,1700
327825,17569,false,600,2300
327826,17569,false,900,1700
327827,17569,false,0,2359
327828,20227,false,0,2359
327829,20227,false,0,2359
327830,20227,false,0,2359
327831,20227,false,0,2359
327832,20227,false,900,1700
327833,20227,false,0,2359
327834,20227,false,0,2359
327835,20227,false,600,2300
327836,20227,false,600,2300
327837,20227,false,900,1700
327838,20227,false,0,2359
327839,2666,false,600,2300
327840,2666,false,900,1700
327841,2666,false,0,2359
327842,2666,false,0,2359
327843,2666,false,900,1700
327844,2666,false,600,2300
327845,2666,false,900,1700
327846,2666,false,0,2359
327847,2666,false,900,1700
327848,9136,false,900,1700
327849,9136,false,600,2300
327850,9136,false,900,1700
327851,9136,false,0,2359
327852,14408,false,900,1700
327853,14408,false,900,1700
327854,14408,false,0,2359
327855,14408,false,0,2359
327856,14408,false,0,2359
327857,14408,false,600,2300
327858,14408,false,0,2359
327859,14408,false,0,2359
327860,14408,false,900,1700
327861,14408,false,900,1700
327862,14408,false,600,2300
327863,17569,false,900,1700
327864,17569,false,0,2359
327865,17569,false,900,1700
327866,17569,false,900,1700
327867,20165,false,0,2359
327868,19706,false,0,2359
327869,20165,false,300,1200
327870,14141,false,0,2359
327871,6810,false,900,1700
327872,11922,false,300,1200
327873,493,false,2000,400
327874,6298,false,2000,400
327875,11991,false,900,1700
327876,20148,false,0,2359
327877,20148,false,2000,400
327878,20148,false,900,1700
327879,20148,false,0,2359
327880,13713,false,0,2359
327881,7258,false,600,2300
327882,7258,false,600,2300
327883,13713,false,900,1700
327884,13713,false,2000,400
327885,19067,false,900,1700
327886,19067,false,0,2359
327887,2317,false,300,1200
327888,2317,false,600,2300
327889,20130,false,0,2359
327890,20130,false,2000,400
327891,20130,false,2000,400
327892,20130,false,900,1700
327893,7654,false,900,1700
327894,767,false,2000,400
327895,767,false,0,2359
327896,733,false,600,2300
327897,733,false,0,2359
327898,733,false,0,2359
327899,733,false,900,1700
327900,18347,false,300,1200
327901,3688,false,0,2359
327902,17088,false,600,2300
327903,3925,false,0,2359
327904,13857,false,0,2359
327905,3011,false,600,2300
327906,3011,false,0,2359
327907,3011,false,0,2359
327908,3011,false,600,2300
327909,3011,false,900,1700
327910,3011,false,0,2359
327911,3011,false,0,2359
327912,3011,false,0,2359
327913,13857,false,0,2359
327914,13857,false,0,2359
327915,3011,false,600,2300
327916,3011,false,0,2359
327917,3011,false,900,1700
327918,3011,false,0,2359
327919,3011,false,900,1700
327920,3011,false,0,2359
327921,3011,false,900,1700
327922,3011,false,300,1200
327923,3011,false,300,1200
327924,3011,false,900,1700
327925,3011,false,600,2300
327926,3011,false,900,1700
327927,3011,false,900,1700
327928,3011,false,900,1700
327929,3011,false,600,2300
327930,3011,false,600,2300
327931,3011,false,600,2300
327932,3011,false,900,1700
327933,3011,false,2000,400
327934,3011,false,600,2300
327935,16580,false,900,1700
327936,16580,false,0,2359
327937,16580,false,900,1700
327938,16580,false,0,2359
327939,16580,false,0,2359
327940,16580,false,900,1700
327941,16580,false,0,2359
327942,16580,false,0,2359
327943,16580,false,0,2359
327944,16580,false,900,1700
327945,16580,false,900,1700
327946,16580,false,600,2300
327947,16580,false,0,2359
327948,16580,false,2000,400
327949,16580,false,0,2359
327950,16580,false,300,1200
327951,16580,false,0,2359
327952,16580,false,300,1200
327953,16580,false,0,2359
327954,16580,false,0,2359
327955,16580,false,900,1700
327956,16580,false,2000,400
327957,19779,false,2000,400
327958,19779,false,900,1700
327959,19779,false,600,2300
327960,19779,false,0,2359
327961,19779,false,0,2359
327962,19779,false,600,2300
327963,19779,false,0,2359
327964,19779,false,600,2300
327965,14653,false,900,1700
327966,14653,false,0,2359
327967,14653,false,300,1200
327968,14653,false,0,2359
327969,14653,false,600,2300
327970,14653,false,0,2359
327971,14653,false,0,2359
327972,14653,false,0,2359
327973,14653,false,0,2359
327974,14653,false,0,2359
327975,14653,false,900,1700
327976,14653,false,900,1700
327977,14653,false,0,2359
327978,14653,false,0,2359
327979,14653,false,0,2359
327980,20321,false,0,2359
327981,20321,false,0,2359
327982,20321,false,0,2359
327983,20321,false,900,1700
327984,20321,false,900,1700
327985,20321,false,600,2300
327986,20321,false,300,1200
327987,20321,false,900,1700
327988,20321,false,600,2300
327989,20321,false,600,2300
327990,20321,false,2000,400
327991,20321,false,600,2300
327992,20321,false,0,2359
327993,20321,false,600,2300
327994,20321,false,300,1200
327995,20321,false,600,2300
327996,13857,false,0,2359
327997,13857,false,0,2359
327998,13857,false,0,2359
327999,13857,false,600,2300
328000,13857,false,900,1700
328001,13857,false,2000,400
328002,13857,false,900,1700
328003,13857,false,900,1700
328004,13857,false,300,1200
328005,13857,false,900,1700
328006,13857,false,900,1700
328007,13857,false,0,2359
328008,13857,false,600,2300
328009,6069,false,900,1700
328010,20123,false,600,2300
328011,4504,false,900,1700
328012,8040,false,0,2359
328013,8040,false,600,2300
328014,8040,false,0,2359
328015,8040,false,0,2359
328016,221,false,600,2300
328017,3170,false,0,2359
328018,124,false,2000,400
328019,52,false,0,2359
328020,20554,false,0,2359
328021,3111,false,0,2359
328022,3111,false,0,2359
328023,3111,false,600,2300
328024,3111,false,900,1700
328025,3111,false,900,1700
328026,3111,false,0,2359
328027,3111,false,900,1700
328028,3111,false,600,2300
328029,3111,false,600,2300
328030,3111,false,0,2359
328031,3111,false,600,2300
328032,3111,false,0,2359
328033,3111,false,0,2359
328034,3111,false,600,2300
328035,3111,false,600,2300
328036,3111,false,600,2300
328037,3111,false,2000,400
328038,3111,false,900,1700
328039,3111,false,0,2359
328040,3111,false,0,2359
328041,3111,false,0,2359
328042,3111,false,600,2300
328043,3111,false,0,2359
328044,3111,false,0,2359
328045,3111,false,0,2359
328046,3111,false,0,2359
328047,3111,false,900,1700
328048,3111,false,900,1700
328049,3111,false,0,2359
328050,3111,false,0,2359
328051,3111,false,0,2359
328052,3111,false,0,2359
328053,3111,false,600,2300
328054,3111,false,600,2300
328055,3111,false,0,2359
328056,3111,false,600,2300
328057,3111,false,900,1700
328058,3111,false,2000,400
328059,3111,false,600,2300
328060,3111,false,600,2300
328061,3111,false,900,1700
328062,3111,false,900,1700
328063,20483,false,2000,400
328064,13996,false,2000,400
328065,9077,false,300,1200
328066,13857,false,0,2359
328067,13857,false,0,2359
328068,13857,false,600,2300
328069,444,false,0,2359
328070,19593,false,0,2359
328071,19593,false,600,2300
328072,20334,false,900,1700
328073,20334,false,0,2359
328074,14511,false,900,1700
328075,14511,false,0,2359
328076,14511,false,0,2359
328077,434,false,0,2359
328078,434,false,0,2359
328079,434,false,0,2359
328080,434,false,0,2359
328081,3690,false,2000,400
328082,3690,false,0,2359
328083,3690,false,2000,400
328084,3690,false,600,2300
328085,3690,false,0,2359
328086,3690,false,900,1700
328087,3690,false,600,2300
328088,3690,false,0,2359
328089,3690,false,0,2359
328090,8569,false,0,2359
328091,8569,false,0,2359
328092,20268,false,600,2300
328093,20268,false,900,1700
328094,20268,false,0,2359
328095,20268,false,0,2359
328096,16467,false,900,1700
328097,16467,false,0,2359
328098,16467,false,600,2300
328099,16467,false,0,2359
328100,384,false,600,2300
328101,384,false,0,2359
328102,384,false,0,2359
328103,20136,false,600,2300
328104,20136,false,0,2359
328105,20136,false,600,2300
328106,6298,false,0,2359
328107,6298,false,0,2359
328108,6298,false,900,1700
328109,6298,false,2000,400
328110,18144,false,900,1700
328111,18144,false,2000,400
328112,18997,false,900,1700
328113,18997,false,0,2359
328114,18997,false,600,2300
328115,13187,false,900,1700
328116,13187,false,900,1700
328117,5977,false,0,2359
328118,15978,false,0,2359
328119,18129,false,600,2300
328120,5314,false,0,2359
328121,7178,false,600,2300
328122,7178,false,900,1700
328123,7178,false,900,1700
328124,7178,false,0,2359
328125,7178,false,900,1700
328126,7178,false,0,2359
328127,7178,false,600,2300
328128,7178,false,0,2359
328129,8850,false,900,1700
328130,9889,false,2000,400
328131,4293,false,0,2359
328132,10578,false,2000,400
328133,12913,false,0,2359
328134,17641,false,600,2300
328135,20048,false,600,2300
328136,11252,false,900,1700
328137,18626,false,900,1700
328138,722,false,900,1700
328139,19363,false,900,1700
328140,6407,false,600,2300
328141,3255,false,0,2359
328142,4166,false,900,1700
328143,5786,false,0,2359
328144,17850,false,0,2359
328145,17850,false,0,2359
328146,11082,false,900,1700
328147,7180,false,600,2300
328148,18994,false,300,1200
328149,5314,false,900,1700
328150,7694,false,0,2359
328151,14580,false,900,1700
328152,7512,false,900,1700
328153,15414,false,0,2359
328154,5092,false,300,1200
328155,19965,false,0,2359
328156,11170,false,0,2359
328157,15993,false,0,2359
328158,1847,false,600,2300
328159,16207,false,2000,400
328160,5750,false,900,1700
328161,18082,false,0,2359
328162,4397,false,0,2359
328163,5221,false,300,1200
328164,16289,false,2000,400
328165,15520,false,0,2359
328166,7883,false,0,2359
328167,8501,false,600,2300
328168,12423,false,600,2300
328169,13177,false,0,2359
328170,11593,false,2000,400
328171,12786,false,600,2300
328172,8218,false,0,2359
328173,13047,false,900,1700
328174,2807,false,0,2359
328175,6725,false,600,2300
328176,5962,false,0,2359
328177,16939,false,900,1700
328178,16939,false,0,2359
328179,10392,false,2000,400
328180,20152,false,600,2300
328181,20483,false,0,2359
328182,467,false,900,1700
328183,467,false,600,2300
328184,12471,false,0,2359
328185,12471,false,2000,400
328186,18347,false,0,2359
328187,13060,false,900,1700
328188,13060,false,900,1700
328189,20606,false,0,2359
328190,20606,false,0,2359
328191,7996,false,900,1700
328192,7996,false,0,2359
328193,13449,false,900,1700
328194,20124,false,900,1700
328195,17087,false,900,1700
328196,15068,false,600,2300
328197,19250,false,600,2300
328198,20491,false,0,2359
328199,20491,false,600,2300
328200,15266,false,0,2359
328201,12715,false,900,1700
328202,15684,false,0,2359
328203,15684,false,600,2300
328204,15684,false,900,1700
328205,15684,false,600,2300
328206,15684,false,900,1700
328207,7996,false,0,2359
328208,18347,false,900,1700
328209,18347,false,900,1700
328210,20235,false,600,2300
328211,1056,false,900,1700
328212,1056,false,300,1200
328213,1056,false,600,2300
328214,1056,false,900,1700
328215,1056,false,900,1700
328216,1056,false,0,2359
328217,1056,false,900,1700
328218,4823,false,0,2359
328219,6231,false,600,2300
328220,10637,false,2000,400
328221,16351,false,600,2300
328222,20624,false,900,1700
328223,7218,false,0,2359
328224,13713,false,900,1700
328225,2260,false,2000,400
328226,7325,false,0,2359
328227,4912,false,0,2359
328228,20268,false,300,1200
328229,20268,false,0,2359
328230,20268,false,900,1700
328231,20268,false,0,2359
328232,20268,false,900,1700
328233,13060,false,0,2359
328234,9474,false,0,2359
328235,16750,false,0,2359
328236,16750,false,0,2359
328237,2541,false,0,2359
328238,20444,false,900,1700
328239,3303,false,2000,400
328240,8183,false,900,1700
328241,11991,false,600,2300
328242,13060,false,300,1200
328243,18911,false,900,1700
328244,19191,false,600,2300
328245,9284,false,0,2359
328246,9284,false,900,1700
328247,9284,false,600,2300
328248,19363,false,900,1700
328249,12204,false,900,1700
328250,12204,false,900,1700
328251,5462,false,0,2359
328252,2317,false,300,1200
328253,8250,false,900,1700
328254,664,false,900,1700
328255,1104,false,300,1200
328256,16627,false,0,2359
328257,16627,false,0,2359
328258,16627,false,0,2359
328259,20124,false,900,1700
328260,15606,false,0,2359
328261,8480,false,900,1700
328262,8480,false,300,1200
328263,8062,false,0,2359
328264,8062,false,0,2359
328265,19059,false,0,2359
328266,20025,false,0,2359
328267,10469,false,900,1700
328268,10469,false,600,2300
328269,16450,false,2000,400
328270,7827,false,0,2359
328271,20307,false,900,1700
328272,20307,false,0,2359
328273,20307,false,0,2359
328274,20307,false,900,1700
328275,17986,false,300,1200
328276,11009,false,900,1700
328277,11009,false,600,2300
328278,11009,false,900,1700
328279,11009,false,900,1700
328280,18052,false,900,1700
328281,18836,false,2000,400
328282,18836,false,600,2300
328283,18836,false,0,2359
328284,18836,false,900,1700
328285,18836,false,900,1700
328286,19294,false,900,1700
328287,11872,false,600,2300
328288,11872,false,600,2300
328289,4648,false,600,2300
328290,4648,false,0,2359
328291,11872,false,0,2359
328292,7,false,900,1700
328293,20165,false,0,2359
328294,12070,false,900,1700
328295,20165,false,0,2359
328296,12070,false,900,1700
328297,12070,false,0,2359
328298,15969,false,0,2359
328299,16448,false,0,2359
328300,1820,false,2000,400
328301,12453,false,0,2359
328302,20235,false,900,1700
328303,20336,false,900,1700
328304,12276,false,0,2359
328305,20227,false,600,2300
328306,20624,false,0,2359
328307,12250,false,600,2300
328308,12250,false,900,1700
328309,12250,false,600,2300
328310,12250,false,0,2359
328311,12250,false,600,2300
328312,10705,false,0,2359
328313,10705,false,900,1700
328314,10705,false,0,2359
328315,10705,false,600,2300
328316,13713,false,900,1700
328317,9137,false,600,2300
328318,12613,false,0,2359
328319,13060,false,0,2359
328320,10360,false,900,1700
328321,9358,false,600,2300
328322,9358,false,300,1200
328323,9358,false,600,2300
328324,9358,false,900,1700
328325,9358,false,600,2300
328326,9358,false,900,1700
328327,20237,false,0,2359
328328,20237,false,0,2359
328329,20237,false,600,2300
328330,20237,false,0,2359
328331,20237,false,900,1700
328332,13188,false,900,1700
328333,8822,false,300,1200
328334,12443,false,0,2359
328335,11922,false,300,1200
328336,5950,false,900,1700
328337,5950,false,0,2359
328338,5950,false,2000,400
328339,3112,false,0,2359
328340,3112,false,600,2300
328341,15266,false,0,2359
328342,20336,false,600,2300
328343,18424,false,600,2300
328344,3011,false,900,1700
328345,3011,false,0,2359
328346,3011,false,0,2359
328347,3011,false,900,1700
328348,3011,false,0,2359
328349,3011,false,900,1700
328350,3011,false,0,2359
328351,3011,false,0,2359
328352,3011,false,600,2300
328353,3011,false,600,2300
328354,3011,false,600,2300
328355,3011,false,0,2359
328356,3011,false,2000,400
328357,3011,false,900,1700
328358,3011,false,900,1700
328359,3011,false,900,1700
328360,3011,false,0,2359
328361,3011,false,900,1700
328362,3011,false,0,2359
328363,3011,false,600,2300
328364,3011,false,300,1200
328365,3011,false,0,2359
328366,3011,false,900,1700
328367,3011,false,600,2300
328368,3011,false,900,1700
328369,3011,false,600,2300
328370,3011,false,0,2359
328371,3011,false,0,2359
328372,3011,false,900,1700
328373,4822,false,300,1200
328374,4822,false,600,2300
328375,4822,false,600,2300
328376,4822,false,2000,400
328377,4822,false,300,1200
328378,4822,false,900,1700
328379,18091,false,600,2300
328380,5950,false,0,2359
328381,13023,false,0,2359
328382,13023,false,900,1700
328383,13023,false,300,1200
328384,13023,false,0,2359
328385,13023,false,0,2359
328386,13023,false,600,2300
328387,13023,false,0,2359
328388,13023,false,0,2359
328389,13023,false,0,2359
328390,13023,false,600,2300
328391,13023,false,0,2359
328392,13023,false,600,2300
328393,13023,false,0,2359
328394,11991,false,0,2359
328395,13023,false,600,2300
328396,13023,false,900,1700
328397,13023,false,0,2359
328398,13023,false,2000,400
328399,13350,false,0,2359
328400,16939,false,0,2359
328401,7726,false,900,1700
328402,7726,false,900,1700
328403,7726,false,900,1700
328404,7726,false,2000,400
328405,7726,false,600,2300
328406,7726,false,0,2359
328407,7726,false,600,2300
328408,7726,false,900,1700
328409,7726,false,900,1700
328410,7726,false,900,1700
328411,7726,false,0,2359
328412,7726,false,0,2359
328413,7726,false,2000,400
328414,20514,false,600,2300
328415,20514,false,0,2359
328416,20514,false,900,1700
328417,20514,false,900,1700
328418,20152,false,300,1200
328419,20064,false,0,2359
328420,20124,false,600,2300
328421,14077,false,600,2300
328422,13463,false,600,2300
328423,13713,false,0,2359
328424,13713,false,900,1700
328425,13713,false,0,2359
328426,13713,false,2000,400
328427,680,false,0,2359
328428,2156,false,900,1700
328429,15413,false,2000,400
328430,20335,false,0,2359
328431,5854,false,300,1200
328432,5854,false,0,2359
328433,5854,false,900,1700
328434,5854,false,0,2359
328435,5854,false,0,2359
328436,10809,false,600,2300
328437,16087,false,300,1200
328438,19190,false,600,2300
328439,10791,false,2000,400
328440,16087,false,900,1700
328441,15965,false,0,2359
328442,2410,false,0,2359
328443,9883,false,0,2359
328444,15618,false,600,2300
328445,19576,false,0,2359
328446,1759,false,2000,400
328447,8010,false,0,2359
328448,361,false,0,2359
328449,7481,false,0,2359
328450,2181,false,900,1700
328451,14276,false,0,2359
328452,7110,false,900,1700
328453,10661,false,2000,400
328454,14405,false,0,2359
328455,12558,false,600,2300
328456,12558,false,0,2359
328457,12558,false,300,1200
328458,12558,false,0,2359
328459,11747,false,900,1700
328460,6412,false,2000,400
328461,11747,false,600,2300
328462,11747,false,900,1700
328463,11747,false,0,2359
328464,11747,false,600,2300
328465,11747,false,0,2359
328466,11747,false,0,2359
328467,11747,false,0,2359
328468,11747,false,600,2300
328469,11747,false,0,2359
328470,11747,false,900,1700
328471,11747,false,2000,400
328472,3401,false,0,2359
328473,3401,false,300,1200
328474,18911,false,600,2300
328475,20266,false,900,1700
328476,20266,false,0,2359
328477,20606,false,0,2359
328478,20606,false,600,2300
328479,16215,false,300,1200
328480,20268,false,0,2359
328481,6028,false,900,1700
328482,6028,false,600,2300
328483,17088,false,300,1200
328484,20421,false,2000,400
328485,5259,false,600,2300
328486,3988,false,0,2359
328487,15290,false,0,2359
328488,15290,false,0,2359
328489,10507,false,300,1200
328490,10329,false,0,2359
328491,18171,false,0,2359
328492,3901,false,0,2359
328493,18171,false,300,1200
328494,19793,false,0,2359
328495,10329,false,900,1700
328496,18171,false,300,1200
328497,10329,false,300,1200
328498,18171,false,0,2359
328499,18171,false,600,2300
328500,18171,false,600,2300
328501,18171,false,600,2300
328502,18171,false,900,1700
328503,18171,false,300,1200
328504,18171,false,0,2359
328505,18171,false,600,2300
328506,3900,false,900,1700
328507,18171,false,0,2359
328508,8105,false,600,2300
328509,18171,false,2000,400
328510,18171,false,900,1700
328511,18171,false,0,2359
328512,18171,false,900,1700
328513,18171,false,900,1700
328514,9162,false,600,2300
328515,18171,false,2000,400
328516,18171,false,0,2359
328517,18171,false,900,1700
328518,18171,false,2000,400
328519,18171,false,0,2359
328520,18171,false,900,1700
328521,18171,false,600,2300
328522,18171,false,600,2300
328523,18171,false,600,2300
328524,19067,false,900,1700
328525,19067,false,600,2300
328526,13660,false,0,2359
328527,20281,false,2000,400
328528,20281,false,900,1700
328529,20281,false,900,1700
328530,7116,false,900,1700
328531,7116,false,600,2300
328532,7116,false,0,2359
328533,7116,false,2000,400
328534,7116,false,300,1200
328535,20615,false,900,1700
328536,20615,false,600,2300
328537,18171,false,0,2359
328538,17559,false,300,1200
328539,18171,false,0,2359
328540,6426,false,0,2359
328541,16227,false,0,2359
328542,16227,false,900,1700
328543,16227,false,900,1700
328544,16227,false,2000,400
328545,16227,false,600,2300
328546,16227,false,0,2359
328547,8684,false,600,2300
328548,8684,false,600,2300
328549,5144,false,600,2300
328550,5144,false,0,2359
328551,5144,false,300,1200
328552,1503,false,600,2300
328553,1503,false,600,2300
328554,1503,false,0,2359
328555,4587,false,2000,400
328556,4587,false,900,1700
328557,4587,false,0,2359
328558,4587,false,0,2359
328559,118,false,2000,400
328560,4587,false,900,1700
328561,4587,false,900,1700
328562,4587,false,900,1700
328563,4587,false,2000,400
328564,4587,false,0,2359
328565,1503,false,600,2300
328566,4587,false,0,2359
328567,1503,false,600,2300
328568,1503,false,0,2359
328569,1503,false,600,2300
328570,1503,false,0,2359
328571,1503,false,0,2359
328572,1503,false,0,2359
328573,1503,false,600,2300
328574,20615,false,0,2359
328575,13060,false,0,2359
328576,13060,false,0,2359
328577,10224,false,900,1700
328578,5210,false,900,1700
328579,5210,false,900,1700
328580,5210,false,900,1700
328581,5210,false,900,1700
328582,5210,false,0,2359
328583,5210,false,0,2359
328584,12070,false,900,1700
328585,8105,false,0,2359
328586,13857,false,900,1700
328587,7811,false,900,1700
328588,18171,false,0,2359
328589,8062,false,900,1700
328590,3900,false,0,2359
328591,13595,false,900,1700
328592,13595,false,2000,400
328593,13595,false,0,2359
328594,10661,false,900,1700
328595,17668,false,900,1700
328596,767,false,0,2359
328597,10190,false,600,2300
328598,10190,false,0,2359
328599,18171,false,300,1200
328600,18171,false,0,2359
328601,18171,false,0,2359
328602,18171,false,600,2300
328603,18171,false,0,2359
328604,18171,false,0,2359
328605,18171,false,0,2359
328606,13857,false,600,2300
328607,13857,false,2000,400
328608,18819,false,300,1200
328609,20148,false,900,1700
328610,13857,false,900,1700
328611,13857,false,900,1700
328612,13857,false,0,2359
328613,13857,false,0,2359
328614,13857,false,0,2359
328615,16580,false,900,1700
328616,16580,false,900,1700
328617,18780,false,900,1700
328618,19363,false,600,2300
328619,733,false,0,2359
328620,6220,false,300,1200
328621,19653,false,300,1200
328622,17670,false,900,1700
328623,11709,false,600,2300
328624,18932,false,900,1700
328625,10469,false,900,1700
328626,20148,false,900,1700
328627,20321,false,600,2300
328628,20321,false,0,2359
328629,20321,false,600,2300
328630,20136,false,900,1700
328631,20123,false,300,1200
328632,13713,false,900,1700
328633,20144,false,600,2300
328634,17062,false,0,2359
328635,19706,false,600,2300
328636,7837,false,600,2300
328637,7837,false,0,2359
328638,11946,false,600,2300
328639,11946,false,900,1700
328640,11946,false,0,2359
328641,8,false,2000,400
328642,10474,false,600,2300
328643,14351,false,0,2359
328644,8151,false,900,1700
328645,9077,false,300,1200
328646,9077,false,0,2359
328647,52,false,900,1700
328648,20268,false,0,2359
328649,9386,false,600,2300
328650,20615,false,900,1700
328651,7996,false,900,1700
328652,6195,false,900,1700
328653,6195,false,600,2300
328654,3303,false,0,2359
328655,18993,false,2000,400
328656,5147,false,900,1700
328657,14133,false,0,2359
328658,18128,false,600,2300
328659,2391,false,2000,400
328660,18082,false,300,1200
328661,10900,false,600,2300
328662,18207,false,900,1700
328663,20496,false,0,2359
328664,14133,false,900,1700
328665,18994,false,0,2359
328666,20335,false,600,2300
328667,12238,false,900,1700
328668,2743,false,0,2359
328669,8534,false,600,2300
328670,664,false,0,2359
328671,3401,false,0,2359
328672,6810,false,900,1700
328673,1097,false,900,1700
328674,10637,false,0,2359
328675,8178,false,0,2359
328676,1105,false,300,1200
328677,1105,false,0,2359
328678,1105,false,600,2300
328679,3739,false,600,2300
328680,8183,false,0,2359
328681,8183,false,600,2300
328682,19464,false,0,2359
328683,14291,false,900,1700
328684,14291,false,900,1700
328685,1636,false,0,2359
328686,2951,false,0,2359
328687,14141,false,900,1700
328688,70,false,0,2359
328689,65,false,600,2300
328690,19464,false,900,1700
328691,18176,false,900,1700
328692,1105,false,900,1700
328693,20307,false,900,1700
328694,8534,false,600,2300
328695,4245,false,900,1700
328696,18347,false,2000,400
328697,8534,false,900,1700
328698,8534,false,600,2300
328699,8534,false,600,2300
328700,8534,false,900,1700
328701,8534,false,0,2359
328702,8534,false,0,2359
328703,8534,false,600,2300
328704,6068,false,900,1700
328705,7357,false,900,1700
328706,4894,false,0,2359
328707,4894,false,900,1700
328708,1097,false,0,2359
328709,3261,false,2000,400
328710,3261,false,0,2359
328711,11834,false,900,1700
328712,11834,false,600,2300
328713,7357,false,0,2359
328714,20554,false,900,1700
328715,16789,false,0,2359
328716,14250,false,0,2359
328717,14077,false,600,2300
328718,20491,false,0,2359
328719,3261,false,0,2359
328720,2951,false,900,1700
328721,18375,false,900,1700
328722,14250,false,600,2300
328723,19835,false,0,2359
328724,10763,false,0,2359
328725,15180,false,900,1700
328726,20491,false,900,1700
328727,8534,false,0,2359
328728,8534,false,900,1700
328729,8534,false,0,2359
328730,8534,false,0,2359
328731,8534,false,0,2359
328732,8534,false,600,2300
328733,8534,false,600,2300
328734,13621,false,900,1700
328735,18375,false,0,2359
328736,19835,false,0,2359
328737,70,false,900,1700
328738,8534,false,300,1200
328739,8534,false,600,2300
328740,6068,false,900,1700
328741,8534,false,600,2300
328742,8534,false,900,1700
328743,8534,false,0,2359
328744,8534,false,900,1700
328745,8534,false,0,2359
328746,8534,false,0,2359
328747,15180,false,600,2300
328748,6101,false,2000,400
328749,14077,false,600,2300
328750,6101,false,0,2359
328751,16789,false,2000,400
328752,6101,false,2000,400
328753,14077,false,0,2359
328754,13463,false,0,2359
328755,6101,false,0,2359
328756,14077,false,600,2300
328757,13463,false,600,2300
328758,14077,false,300,1200
328759,16789,false,600,2300
328760,16789,false,0,2359
328761,8534,false,0,2359
328762,8534,false,900,1700
328763,8534,false,0,2359
328764,8534,false,0,2359
328765,8534,false,900,1700
328766,8534,false,300,1200
328767,8534,false,0,2359
328768,8534,false,900,1700
328769,16789,false,900,1700
328770,13463,false,2000,400
328771,14077,false,600,2300
328772,14077,false,900,1700
328773,13463,false,0,2359
328774,6101,false,0,2359
328775,14077,false,900,1700
328776,14077,false,900,1700
328777,16789,false,600,2300
328778,5909,false,0,2359
328779,20173,false,600,2300
328780,10224,false,2000,400
328781,10224,false,900,1700
328782,10224,false,600,2300
328783,12558,false,0,2359
328784,12558,false,300,1200
328785,12558,false,0,2359
328786,14405,false,0,2359
328787,14405,false,600,2300
328788,15499,false,0,2359
328789,15499,false,300,1200
328790,15499,false,900,1700
328791,11991,false,600,2300
328792,11991,false,0,2359
328793,20617,false,0,2359
328794,3227,false,900,1700
328795,4912,false,0,2359
328796,4912,false,900,1700
328797,17559,false,900,1700
328798,9245,false,2000,400
328799,9245,false,900,1700
328800,20606,false,600,2300
328801,15606,false,300,1200
328802,20124,false,900,1700
328803,13857,false,600,2300
328804,11922,false,0,2359
328805,15965,false,0,2359
328806,12142,false,600,2300
328807,14351,false,0,2359
328808,10824,false,900,1700
328809,19767,false,0,2359
328810,14708,false,900,1700
328811,2181,false,900,1700
328812,2181,false,900,1700
328813,20123,false,900,1700
328814,12250,false,2000,400
328815,12250,false,900,1700
328816,12250,false,0,2359
328817,12250,false,600,2300
328818,10705,false,0,2359
328819,10705,false,900,1700
328820,10705,false,600,2300
328821,16347,false,600,2300
328822,5564,false,600,2300
328823,8010,false,2000,400
328824,14807,false,600,2300
328825,83,false,0,2359
328826,14580,false,0,2359
328827,18144,false,0,2359
328828,11995,false,0,2359
328829,17204,false,900,1700
328830,361,false,600,2300
328831,3761,false,0,2359
328832,7511,false,900,1700
328833,5798,false,900,1700
328834,8893,false,0,2359
328835,17850,false,900,1700
328836,19582,false,2000,400
328837,18997,false,0,2359
328838,361,false,900,1700
328839,18144,false,600,2300
328840,15180,false,600,2300
328841,11999,false,600,2300
328842,5798,false,0,2359
328843,15180,false,900,1700
328844,7004,false,0,2359
328845,18594,false,900,1700
328846,17891,false,900,1700
328847,361,false,0,2359
328848,19497,false,0,2359
328849,3761,false,600,2300
328850,7839,false,900,1700
328851,19653,false,900,1700
328852,7000,false,600,2300
328853,2653,false,900,1700
328854,17850,false,900,1700
328855,11995,false,600,2300
328856,2975,false,0,2359
328857,15103,false,0,2359
328858,18997,false,0,2359
328859,11664,false,0,2359
328860,19190,false,0,2359
328861,2653,false,300,1200
328862,2975,false,0,2359
328863,9883,false,900,1700
328864,20504,false,900,1700
328865,16568,false,0,2359
328866,1759,false,0,2359
328867,17891,false,300,1200
328868,3485,false,2000,400
328869,9165,false,600,2300
328870,6698,false,0,2359
328871,5153,false,0,2359
328872,19892,false,900,1700
328873,17850,false,0,2359
328874,12886,false,0,2359
328875,14332,false,0,2359
328876,11190,false,900,1700
328877,16227,false,900,1700
328878,19886,false,300,1200
328879,19711,false,0,2359
328880,19779,false,900,1700
328881,15357,false,900,1700
328882,15357,false,0,2359
328883,16685,false,600,2300
328884,19576,false,900,1700
328885,10216,false,0,2359
328886,15554,false,0,2359
328887,308,false,900,1700
328888,20128,false,900,1700
328889,20487,false,0,2359
328890,11143,false,0,2359
328891,15371,false,0,2359
328892,11207,false,600,2300
328893,9682,false,2000,400
328894,15421,false,900,1700
328895,2410,false,0,2359
328896,14406,false,900,1700
328897,2591,false,300,1200
328898,15318,false,900,1700
328899,16685,false,600,2300
328900,3711,false,600,2300
328901,9883,false,0,2359
328902,7004,false,600,2300
328903,8379,false,900,1700
328904,9772,false,600,2300
328905,16831,false,900,1700
328906,17705,false,900,1700
328907,3665,false,900,1700
328908,10809,false,0,2359
328909,16644,false,600,2300
328910,15965,false,600,2300
328911,13818,false,900,1700
328912,19582,false,600,2300
328913,9090,false,0,2359
328914,16347,false,900,1700
328915,17985,false,600,2300
328916,14406,false,900,1700
328917,9156,false,600,2300
328918,19184,false,0,2359
328919,4898,false,600,2300
328920,20504,false,0,2359
328921,10791,false,0,2359
328922,3761,false,0,2359
328923,19190,false,600,2300
328924,19755,false,600,2300
328925,14559,false,900,1700
328926,19190,false,900,1700
328927,19576,false,0,2359
328928,12517,false,900,1700
328929,83,false,600,2300
328930,16087,false,600,2300
328931,14468,false,0,2359
328932,16087,false,0,2359
328933,9538,false,900,1700
328934,7884,false,900,1700
328935,3761,false,600,2300
328936,2591,false,600,2300
328937,18594,false,900,1700
328938,2591,false,600,2300
328939,10791,false,0,2359
328940,10809,false,300,1200
328941,11825,false,0,2359
328942,4455,false,300,1200
328943,9682,false,600,2300
328944,13857,false,600,2300
328945,13857,false,300,1200
328946,13857,false,0,2359
328947,13857,false,900,1700
328948,13857,false,600,2300
328949,13857,false,900,1700
328950,13857,false,600,2300
328951,13857,false,300,1200
328952,13857,false,0,2359
328953,13857,false,300,1200
328954,13857,false,0,2359
328955,13857,false,0,2359
328956,13857,false,600,2300
328957,13857,false,0,2359
328958,13857,false,0,2359
328959,13857,false,900,1700
328960,13857,false,900,1700
328961,13857,false,900,1700
328962,13857,false,900,1700
328963,13857,false,900,1700
328964,13857,false,900,1700
328965,13857,false,0,2359
328966,13857,false,600,2300
328967,13857,false,600,2300
328968,13857,false,900,1700
328969,19363,false,0,2359
328970,13857,false,0,2359
328971,13857,false,600,2300
328972,13857,false,300,1200
328973,13857,false,900,1700
328974,13857,false,600,2300
328975,13857,false,900,1700
328976,13857,false,0,2359
328977,13857,false,0,2359
328978,13857,false,900,1700
328979,13857,false,0,2359
328980,13857,false,0,2359
328981,13857,false,900,1700
328982,13857,false,900,1700
328983,13857,false,900,1700
328984,13857,false,0,2359
328985,13857,false,600,2300
328986,13857,false,900,1700
328987,13857,false,600,2300
328988,13857,false,0,2359
328989,13857,false,0,2359
328990,13857,false,0,2359
328991,13857,false,600,2300
328992,13857,false,900,1700
328993,13857,false,900,1700
328994,13857,false,0,2359
328995,13857,false,600,2300
328996,13857,false,2000,400
328997,13857,false,600,2300
328998,13857,false,600,2300
328999,13857,false,900,1700
329000,13857,false,600,2300
329001,13857,false,0,2359
329002,13857,false,900,1700
329003,13857,false,0,2359
329004,13857,false,600,2300
329005,13857,false,600,2300
329006,13857,false,0,2359
329007,13857,false,0,2359
329008,13857,false,600,2300
329009,13857,false,0,2359
329010,13857,false,600,2300
329011,13857,false,0,2359
329012,13857,false,0,2359
329013,13857,false,0,2359
329014,13857,false,900,1700
329015,13857,false,0,2359
329016,12514,false,900,1700
329017,12514,false,600,2300
329018,20237,false,900,1700
329019,20237,false,0,2359
329020,20237,false,900,1700
329021,20237,false,900,1700
