Patient Cost (5-AVG);;;;;;AED Cost (5-AVG);;;;;
Proximity;Path;Diff.;%;;;Proximity;Path;Diff.;%;;
141,20;48,20;93,00;65,9%;;;521,00;170,40;350,60;67,3%;;
118,80;48,20;70,60;59,4%;;;433,20;148,40;284,80;65,7%;;
216,80;94,00;122,80;56,6%;;;418,40;184,80;233,60;55,8%;;
137,60;60,80;76,80;55,8%;;;449,80;218,40;231,40;51,4%;;
144,60;71,60;73,00;50,5%;;;344,80;172,20;172,60;50,1%;;
80,20;41,40;38,80;48,4%;;;195,20;99,60;95,60;49,0%;;
64,40;35,40;29,00;45,0%;;;804,40;421,20;383,20;47,6%;;
294,40;167,00;127,40;43,3%;;;360,80;191,80;169,00;46,8%;;
411,60;235,00;176,60;42,9%;;;431,40;233,40;198,00;45,9%;;
185,00;107,60;77,40;41,8%;;;826,80;450,40;376,40;45,5%;;
397,60;232,00;165,60;41,6%;;;222,20;122,40;99,80;44,9%;;
87,40;51,00;36,40;41,6%;;;711,00;417,20;293,80;41,3%;;
195,60;116,60;79,00;40,4%;;;236,20;139,60;96,60;40,9%;;
174,00;104,80;69,20;39,8%;;;463,20;275,20;188,00;40,6%;;
344,20;209,20;135,00;39,2%;;;1082,40;643,60;438,80;40,5%;;
86,80;52,80;34,00;39,2%;;;1036,00;620,40;415,60;40,1%;;
213,60;131,00;82,60;38,7%;;;276,80;170,40;106,40;38,4%;;
166,80;104,60;62,20;37,3%;;;337,00;207,60;129,40;38,4%;;
175,60;110,20;65,40;37,2%;;;519,20;324,80;194,40;37,4%;;
98,40;62,00;36,40;37,0%;;;188,80;119,40;69,40;36,8%;;
193,60;124,00;69,60;36,0%;;;223,40;142,20;81,20;36,3%;;
169,20;108,60;60,60;35,8%;;;401,40;257,80;143,60;35,8%;;
229,80;148,00;81,80;35,6%;;;211,40;136,20;75,20;35,6%;;
229,80;148,00;81,80;35,6%;;;238,40;153,60;84,80;35,6%;;
129,40;84,40;45,00;34,8%;;;162,00;104,40;57,60;35,6%;;
501,20;329,00;172,20;34,4%;;;184,20;119,00;65,20;35,4%;;
140,20;92,60;47,60;34,0%;;;223,60;145,20;78,40;35,1%;;
415,00;282,00;133,00;32,0%;;;586,40;381,60;204,80;34,9%;;
87,80;60,00;27,80;31,7%;;;280,60;185,20;95,40;34,0%;;
419,60;286,80;132,80;31,6%;;;227,40;150,60;76,80;33,8%;;
161,40;110,60;50,80;31,5%;;;383,80;254,60;129,20;33,7%;;
152,00;104,40;47,60;31,3%;;;590,40;394,40;196,00;33,2%;;
131,80;90,60;41,20;31,3%;;;291,80;195,00;96,80;33,2%;;
325,40;224,40;101,00;31,0%;;;177,00;119,00;58,00;32,8%;;
337,20;236,20;101,00;30,0%;;;151,80;102,20;49,60;32,7%;;
109,00;76,60;32,40;29,7%;;;411,20;277,20;134,00;32,6%;;
110,80;78,20;32,60;29,4%;;;353,20;239,00;114,20;32,3%;;
111,80;79,00;32,80;29,3%;;;233,20;158,40;74,80;32,1%;;
232,80;165,60;67,20;28,9%;;;205,60;139,80;65,80;32,0%;;
75,00;53,40;21,60;28,8%;;;87,80;60,00;27,80;31,7%;;
161,20;114,80;46,40;28,8%;;;203,80;139,40;64,40;31,6%;;
97,80;70,40;27,40;28,0%;;;1063,20;727,60;335,60;31,6%;;
244,20;176,20;68,00;27,8%;;;204,60;140,40;64,20;31,4%;;
108,20;78,20;30,00;27,7%;;;162,40;111,60;50,80;31,3%;;
355,20;257,20;98,00;27,6%;;;175,20;120,40;54,80;31,3%;;
67,60;49,60;18,00;26,6%;;;305,80;210,40;95,40;31,2%;;
96,80;71,40;25,40;26,2%;;;493,20;339,80;153,40;31,1%;;
92,80;68,80;24,00;25,9%;;;201,00;138,80;62,20;30,9%;;
82,20;61,20;21,00;25,5%;;;503,00;347,40;155,60;30,9%;;
114,40;85,60;28,80;25,2%;;;235,80;163,00;72,80;30,9%;;
149,60;112,00;37,60;25,1%;;;151,80;105,00;46,80;30,8%;;
106,80;80,40;26,40;24,7%;;;477,80;331,00;146,80;30,7%;;
131,80;99,40;32,40;24,6%;;;256,00;177,40;78,60;30,7%;;
155,40;118,00;37,40;24,1%;;;580,80;402,60;178,20;30,7%;;
116,20;88,80;27,40;23,6%;;;228,00;158,20;69,80;30,6%;;
156,20;119,40;36,80;23,6%;;;488,20;339,20;149,00;30,5%;;
108,00;82,80;25,20;23,3%;;;424,00;295,40;128,60;30,3%;;
400,20;307,00;93,20;23,3%;;;317,60;221,40;96,20;30,3%;;
148,00;114,20;33,80;22,8%;;;678,40;473,60;204,80;30,2%;;
224,40;173,20;51,20;22,8%;;;345,00;241,00;104,00;30,1%;;
41,20;31,80;9,40;22,8%;;;206,80;144,60;62,20;30,1%;;
79,40;61,40;18,00;22,7%;;;148,20;103,80;44,40;30,0%;;
92,80;72,20;20,60;22,2%;;;206,20;144,60;61,60;29,9%;;
214,00;167,00;47,00;22,0%;;;484,40;341,00;143,40;29,6%;;
120,80;94,40;26,40;21,9%;;;597,80;421,00;176,80;29,6%;;
77,00;60,40;16,60;21,6%;;;220,60;155,40;65,20;29,6%;;
87,60;68,80;18,80;21,5%;;;315,00;222,00;93,00;29,5%;;
197,60;155,20;42,40;21,5%;;;1123,80;794,60;329,20;29,3%;;
104,80;82,40;22,40;21,4%;;;257,80;182,60;75,20;29,2%;;
114,40;90,80;23,60;20,6%;;;356,40;253,20;103,20;29,0%;;
114,60;91,00;23,60;20,6%;;;274,40;195,00;79,40;28,9%;;
63,40;50,40;13,00;20,5%;;;347,80;247,60;100,20;28,8%;;
91,80;73,00;18,80;20,5%;;;424,60;302,60;122,00;28,7%;;
64,20;51,20;13,00;20,2%;;;253,80;181,60;72,20;28,4%;;
80,60;64,40;16,20;20,1%;;;342,60;245,60;97,00;28,3%;;
162,60;130,00;32,60;20,0%;;;186,80;134,00;52,80;28,3%;;
173,20;138,80;34,40;19,9%;;;138,00;99,00;39,00;28,3%;;
68,60;55,00;13,60;19,8%;;;854,40;613,40;241,00;28,2%;;
90,60;72,80;17,80;19,6%;;;103,20;74,20;29,00;28,1%;;
68,80;55,40;13,40;19,5%;;;132,40;95,20;37,20;28,1%;;
93,40;75,80;17,60;18,8%;;;421,80;303,60;118,20;28,0%;;
213,00;173,00;40,00;18,8%;;;140,80;101,40;39,40;28,0%;;
101,40;82,40;19,00;18,7%;;;589,80;427,20;162,60;27,6%;;
68,60;55,80;12,80;18,7%;;;843,20;612,20;231,00;27,4%;;
322,40;262,40;60,00;18,6%;;;841,80;611,40;230,40;27,4%;;
68,60;56,00;12,60;18,4%;;;330,40;240,00;90,40;27,4%;;
188,20;153,80;34,40;18,3%;;;152,20;110,60;41,60;27,3%;;
111,00;90,80;20,20;18,2%;;;174,20;126,80;47,40;27,2%;;
90,40;74,00;16,40;18,1%;;;228,80;166,80;62,00;27,1%;;
82,40;67,60;14,80;18,0%;;;1156,40;843,80;312,60;27,0%;;
71,40;59,00;12,40;17,4%;;;171,20;125,00;46,20;27,0%;;
65,80;54,60;11,20;17,0%;;;228,20;166,80;61,40;26,9%;;
307,20;255,00;52,20;17,0%;;;400,40;293,20;107,20;26,8%;;
110,00;91,60;18,40;16,7%;;;349,20;256,20;93,00;26,6%;;
434,80;362,20;72,60;16,7%;;;349,20;256,20;93,00;26,6%;;
98,60;82,20;16,40;16,6%;;;220,20;161,80;58,40;26,5%;;
100,20;83,60;16,60;16,6%;;;365,00;268,20;96,80;26,5%;;
78,80;66,00;12,80;16,2%;;;259,60;190,80;68,80;26,5%;;
98,00;82,20;15,80;16,1%;;;498,40;366,40;132,00;26,5%;;
92,60;77,80;14,80;16,0%;;;240,60;177,00;63,60;26,4%;;
92,60;77,80;14,80;16,0%;;;1399,40;1030,00;369,40;26,4%;;
40,20;33,80;6,40;15,9%;;;444,40;327,20;117,20;26,4%;;
136,60;115,00;21,60;15,8%;;;253,60;186,80;66,80;26,3%;;
120,20;101,20;19,00;15,8%;;;365,80;269,60;96,20;26,3%;;
75,00;63,20;11,80;15,7%;;;1406,40;1037,00;369,40;26,3%;;
136,20;115,00;21,20;15,6%;;;236,60;174,60;62,00;26,2%;;
54,00;45,60;8,40;15,6%;;;235,40;173,80;61,60;26,2%;;
128,20;108,60;19,60;15,3%;;;240,80;177,80;63,00;26,2%;;
59,60;50,60;9,00;15,1%;;;140,00;103,40;36,60;26,1%;;
89,40;76,00;13,40;15,0%;;;188,00;139,00;49,00;26,1%;;
124,40;105,80;18,60;15,0%;;;148,20;109,80;38,40;25,9%;;
124,40;105,80;18,60;15,0%;;;384,00;285,00;99,00;25,8%;;
149,60;127,40;22,20;14,8%;;;148,20;110,00;38,20;25,8%;;
74,20;63,20;11,00;14,8%;;;148,20;110,00;38,20;25,8%;;
104,20;88,80;15,40;14,8%;;;183,80;136,60;47,20;25,7%;;
132,40;113,00;19,40;14,7%;;;231,60;172,20;59,40;25,6%;;
52,40;44,80;7,60;14,5%;;;798,20;594,40;203,80;25,5%;;
64,00;54,80;9,20;14,4%;;;812,80;605,40;207,40;25,5%;;
72,60;62,20;10,40;14,3%;;;225,00;167,60;57,40;25,5%;;
135,00;116,20;18,80;13,9%;;;337,40;251,40;86,00;25,5%;;
117,80;101,40;16,40;13,9%;;;381,60;284,40;97,20;25,5%;;
53,20;45,80;7,40;13,9%;;;217,40;162,40;55,00;25,3%;;
113,80;98,00;15,80;13,9%;;;233,20;174,40;58,80;25,2%;;
72,40;62,40;10,00;13,8%;;;178,60;133,60;45,00;25,2%;;
330,80;285,20;45,60;13,8%;;;195,80;146,60;49,20;25,1%;;
100,40;86,80;13,60;13,5%;;;585,40;438,80;146,60;25,0%;;
149,80;129,80;20,00;13,4%;;;109,60;82,20;27,40;25,0%;;
149,80;129,80;20,00;13,4%;;;145,00;108,80;36,20;25,0%;;
73,60;63,80;9,80;13,3%;;;121,80;91,40;30,40;25,0%;;
77,00;66,80;10,20;13,2%;;;135,00;101,40;33,60;24,9%;;
192,60;167,20;25,40;13,2%;;;162,80;122,40;40,40;24,8%;;
346,60;301,00;45,60;13,2%;;;106,80;80,40;26,40;24,7%;;
76,40;66,40;10,00;13,1%;;;168,40;126,80;41,60;24,7%;;
55,20;48,00;7,20;13,0%;;;367,60;276,80;90,80;24,7%;;
60,80;53,00;7,80;12,8%;;;607,60;457,80;149,80;24,7%;;
31,20;27,20;4,00;12,8%;;;187,00;141,00;46,00;24,6%;;
126,80;110,60;16,20;12,8%;;;170,00;128,20;41,80;24,6%;;
172,20;150,20;22,00;12,8%;;;282,60;213,20;69,40;24,6%;;
106,60;93,00;13,60;12,8%;;;202,80;153,00;49,80;24,6%;;
112,20;98,00;14,20;12,7%;;;322,00;243,00;79,00;24,5%;;
111,20;97,20;14,00;12,6%;;;868,80;656,60;212,20;24,4%;;
54,40;47,60;6,80;12,5%;;;172,80;130,60;42,20;24,4%;;
56,40;49,40;7,00;12,4%;;;163,40;123,60;39,80;24,4%;;
107,20;94,00;13,20;12,3%;;;352,60;266,80;85,80;24,3%;;
52,20;45,80;6,40;12,3%;;;184,60;139,80;44,80;24,3%;;
109,40;96,00;13,40;12,2%;;;150,00;113,60;36,40;24,3%;;
99,20;87,20;12,00;12,1%;;;254,00;192,60;61,40;24,2%;;
61,20;53,80;7,40;12,1%;;;245,20;186,00;59,20;24,1%;;
92,80;81,60;11,20;12,1%;;;266,80;202,40;64,40;24,1%;;
65,20;57,40;7,80;12,0%;;;431,00;327,00;104,00;24,1%;;
216,20;190,40;25,80;11,9%;;;232,20;176,40;55,80;24,0%;;
77,20;68,00;9,20;11,9%;;;230,40;175,20;55,20;24,0%;;
106,60;94,00;12,60;11,8%;;;306,80;233,80;73,00;23,8%;;
86,40;76,20;10,20;11,8%;;;289,80;221,00;68,80;23,7%;;
61,40;54,20;7,20;11,7%;;;289,80;221,00;68,80;23,7%;;
103,20;91,20;12,00;11,6%;;;209,00;159,40;49,60;23,7%;;
70,60;62,40;8,20;11,6%;;;333,80;256,00;77,80;23,3%;;
93,60;82,80;10,80;11,5%;;;145,20;111,40;33,80;23,3%;;
74,60;66,00;8,60;11,5%;;;257,00;197,20;59,80;23,3%;;
83,60;74,00;9,60;11,5%;;;314,00;241,00;73,00;23,2%;;
85,40;75,60;9,80;11,5%;;;618,00;474,80;143,20;23,2%;;
135,00;119,60;15,40;11,4%;;;165,00;126,80;38,20;23,2%;;
59,80;53,00;6,80;11,4%;;;202,20;155,40;46,80;23,1%;;
79,40;70,40;9,00;11,3%;;;243,60;187,40;56,20;23,1%;;
159,00;141,00;18,00;11,3%;;;364,40;280,40;84,00;23,1%;;
65,40;58,00;7,40;11,3%;;;120,00;92,40;27,60;23,0%;;
83,40;74,00;9,40;11,3%;;;156,80;120,80;36,00;23,0%;;
87,20;77,40;9,80;11,2%;;;347,80;268,00;79,80;22,9%;;
83,20;74,00;9,20;11,1%;;;138,60;106,80;31,80;22,9%;;
89,20;79,40;9,80;11,0%;;;197,20;152,00;45,20;22,9%;;
102,80;91,60;11,20;10,9%;;;104,80;80,80;24,00;22,9%;;
77,60;69,20;8,40;10,8%;;;219,60;169,40;50,20;22,9%;;
92,40;82,40;10,00;10,8%;;;237,20;183,00;54,20;22,8%;;
42,80;38,20;4,60;10,7%;;;171,40;132,60;38,80;22,6%;;
111,80;100,00;11,80;10,6%;;;300,40;232,40;68,00;22,6%;;
130,80;117,00;13,80;10,6%;;;314,00;243,00;71,00;22,6%;;
130,80;117,00;13,80;10,6%;;;183,20;141,80;41,40;22,6%;;
85,60;76,60;9,00;10,5%;;;155,00;120,00;35,00;22,6%;;
115,40;103,40;12,00;10,4%;;;134,20;104,00;30,20;22,5%;;
115,40;103,40;12,00;10,4%;;;134,20;104,00;30,20;22,5%;;
83,40;74,80;8,60;10,3%;;;128,20;99,40;28,80;22,5%;;
42,80;38,40;4,40;10,3%;;;323,20;250,60;72,60;22,5%;;
89,80;80,60;9,20;10,2%;;;647,40;502,00;145,40;22,5%;;
164,20;147,60;16,60;10,1%;;;222,00;172,40;49,60;22,3%;;
73,80;66,40;7,40;10,0%;;;259,60;201,60;58,00;22,3%;;
300,60;270,80;29,80;9,9%;;;140,60;109,20;31,40;22,3%;;
97,40;87,80;9,60;9,9%;;;363,00;282,20;80,80;22,3%;;
95,80;86,40;9,40;9,8%;;;202,40;157,40;45,00;22,2%;;
95,20;86,00;9,20;9,7%;;;533,40;415,00;118,40;22,2%;;
80,80;73,00;7,80;9,7%;;;363,40;283,60;79,80;22,0%;;
39,40;35,60;3,80;9,6%;;;308,40;240,80;67,60;21,9%;;
402,00;363,80;38,20;9,5%;;;139,80;109,20;30,60;21,9%;;
123,40;111,80;11,60;9,4%;;;157,40;123,00;34,40;21,9%;;
73,20;66,40;6,80;9,3%;;;299,60;234,20;65,40;21,8%;;
64,60;58,60;6,00;9,3%;;;151,20;118,20;33,00;21,8%;;
58,20;52,80;5,40;9,3%;;;284,20;222,20;62,00;21,8%;;
138,40;125,60;12,80;9,2%;;;177,00;138,40;38,60;21,8%;;
54,40;49,40;5,00;9,2%;;;161,60;126,40;35,20;21,8%;;
139,60;126,80;12,80;9,2%;;;305,40;239,00;66,40;21,7%;;
301,20;273,60;27,60;9,2%;;;214,40;167,80;46,60;21,7%;;
134,60;122,40;12,20;9,1%;;;204,60;160,40;44,20;21,6%;;
123,00;112,00;11,00;8,9%;;;471,60;369,80;101,80;21,6%;;
80,60;73,40;7,20;8,9%;;;171,00;134,20;36,80;21,5%;;
90,20;82,20;8,00;8,9%;;;360,60;283,00;77,60;21,5%;;
61,00;55,60;5,40;8,9%;;;360,60;283,00;77,60;21,5%;;
84,60;77,20;7,40;8,7%;;;205,80;161,60;44,20;21,5%;;
91,80;83,80;8,00;8,7%;;;151,60;119,40;32,20;21,2%;;
83,00;75,80;7,20;8,7%;;;222,40;175,20;47,20;21,2%;;
69,40;63,40;6,00;8,6%;;;762,20;600,80;161,40;21,2%;;
55,60;50,80;4,80;8,6%;;;237,20;187,00;50,20;21,2%;;
301,00;275,20;25,80;8,6%;;;483,20;381,00;102,20;21,2%;;
70,40;64,40;6,00;8,5%;;;467,40;369,00;98,40;21,1%;;
56,80;52,00;4,80;8,5%;;;713,20;563,20;150,00;21,0%;;
47,60;43,60;4,00;8,4%;;;256,80;202,80;54,00;21,0%;;
69,60;63,80;5,80;8,3%;;;296,00;233,80;62,20;21,0%;;
160,80;147,40;13,40;8,3%;;;245,60;194,00;51,60;21,0%;;
67,20;61,60;5,60;8,3%;;;132,00;104,40;27,60;20,9%;;
38,60;35,40;3,20;8,3%;;;194,20;153,60;40,60;20,9%;;
87,00;79,80;7,20;8,3%;;;320,00;253,20;66,80;20,9%;;
55,60;51,00;4,60;8,3%;;;266,00;210,80;55,20;20,8%;;
75,00;68,80;6,20;8,3%;;;320,20;253,80;66,40;20,7%;;
82,40;75,60;6,80;8,3%;;;265,40;210,40;55,00;20,7%;;
75,60;69,40;6,20;8,2%;;;205,60;163,00;42,60;20,7%;;
120,00;110,20;9,80;8,2%;;;105,40;83,60;21,80;20,7%;;
91,20;83,80;7,40;8,1%;;;259,20;205,60;53,60;20,7%;;
143,40;131,80;11,60;8,1%;;;1046,60;830,20;216,40;20,7%;;
69,40;63,80;5,60;8,1%;;;1046,60;830,20;216,40;20,7%;;
42,40;39,00;3,40;8,0%;;;244,80;194,20;50,60;20,7%;;
87,80;80,80;7,00;8,0%;;;259,40;205,80;53,60;20,7%;;
30,20;27,80;2,40;7,9%;;;525,00;416,60;108,40;20,6%;;
42,80;39,40;3,40;7,9%;;;155,00;123,00;32,00;20,6%;;
88,40;81,40;7,00;7,9%;;;316,00;250,80;65,20;20,6%;;
91,40;84,20;7,20;7,9%;;;410,40;325,80;84,60;20,6%;;
53,40;49,20;4,20;7,9%;;;152,40;121,00;31,40;20,6%;;
91,60;84,40;7,20;7,9%;;;200,40;159,20;41,20;20,6%;;
150,80;139,00;11,80;7,8%;;;354,00;281,60;72,40;20,5%;;
105,20;97,00;8,20;7,8%;;;206,20;164,20;42,00;20,4%;;
46,40;42,80;3,60;7,8%;;;364,40;290,20;74,20;20,4%;;
116,20;107,20;9,00;7,7%;;;296,40;236,20;60,20;20,3%;;
138,00;127,40;10,60;7,7%;;;205,40;163,80;41,60;20,3%;;
47,40;43,80;3,60;7,6%;;;304,80;243,20;61,60;20,2%;;
94,80;87,60;7,20;7,6%;;;298,20;238,00;60,20;20,2%;;
79,20;73,20;6,00;7,6%;;;237,80;189,80;48,00;20,2%;;
100,40;92,80;7,60;7,6%;;;225,00;179,60;45,40;20,2%;;
127,20;117,60;9,60;7,5%;;;288,40;230,60;57,80;20,0%;;
124,60;115,20;9,40;7,5%;;;203,60;162,80;40,80;20,0%;;
63,80;59,00;4,80;7,5%;;;219,60;175,60;44,00;20,0%;;
125,60;116,20;9,40;7,5%;;;189,80;151,80;38,00;20,0%;;
125,60;116,20;9,40;7,5%;;;280,00;224,00;56,00;20,0%;;
59,40;55,00;4,40;7,4%;;;188,20;150,60;37,60;20,0%;;
73,20;67,80;5,40;7,4%;;;173,80;139,20;34,60;19,9%;;
152,00;140,80;11,20;7,4%;;;178,00;142,60;35,40;19,9%;;
78,80;73,00;5,80;7,4%;;;287,00;230,00;57,00;19,9%;;
46,20;42,80;3,40;7,4%;;;349,80;280,40;69,40;19,8%;;
136,40;126,40;10,00;7,3%;;;93,80;75,20;18,60;19,8%;;
38,40;35,60;2,80;7,3%;;;125,40;100,60;24,80;19,8%;;
49,40;45,80;3,60;7,3%;;;275,40;221,00;54,40;19,8%;;
79,80;74,00;5,80;7,3%;;;446,20;358,20;88,00;19,7%;;
91,00;84,40;6,60;7,3%;;;214,20;172,00;42,20;19,7%;;
69,00;64,00;5,00;7,2%;;;236,60;190,20;46,40;19,6%;;
69,60;64,60;5,00;7,2%;;;282,80;227,40;55,40;19,6%;;
107,40;99,80;7,60;7,1%;;;160,00;128,80;31,20;19,5%;;
107,40;99,80;7,60;7,1%;;;247,20;199,00;48,20;19,5%;;
45,40;42,20;3,20;7,0%;;;205,60;165,60;40,00;19,5%;;
125,00;116,20;8,80;7,0%;;;268,60;216,40;52,20;19,4%;;
116,20;108,20;8,00;6,9%;;;91,60;73,80;17,80;19,4%;;
225,60;210,20;15,40;6,8%;;;195,80;157,80;38,00;19,4%;;
88,00;82,00;6,00;6,8%;;;185,60;149,60;36,00;19,4%;;
126,20;117,60;8,60;6,8%;;;374,40;301,80;72,60;19,4%;;
85,40;79,60;5,80;6,8%;;;281,00;226,60;54,40;19,4%;;
64,80;60,40;4,40;6,8%;;;340,00;274,20;65,80;19,4%;;
94,80;88,40;6,40;6,8%;;;1133,00;913,80;219,20;19,3%;;
113,40;105,80;7,60;6,7%;;;119,00;96,00;23,00;19,3%;;
44,80;41,80;3,00;6,7%;;;193,20;156,00;37,20;19,3%;;
96,20;89,80;6,40;6,7%;;;497,60;402,20;95,40;19,2%;;
105,80;98,80;7,00;6,6%;;;81,40;65,80;15,60;19,2%;;
79,00;73,80;5,20;6,6%;;;203,80;164,80;39,00;19,1%;;
85,60;80,00;5,60;6,5%;;;154,80;125,20;29,60;19,1%;;
92,20;86,20;6,00;6,5%;;;271,20;219,40;51,80;19,1%;;
107,80;100,80;7,00;6,5%;;;193,20;156,40;36,80;19,0%;;
28,00;26,20;1,80;6,4%;;;234,20;189,60;44,60;19,0%;;
59,40;55,60;3,80;6,4%;;;280,20;227,00;53,20;19,0%;;
131,40;123,00;8,40;6,4%;;;113,80;92,20;21,60;19,0%;;
113,00;105,80;7,20;6,4%;;;174,40;141,40;33,00;18,9%;;
69,20;64,80;4,40;6,4%;;;171,80;139,40;32,40;18,9%;;
170,20;159,40;10,80;6,3%;;;182,80;148,40;34,40;18,8%;;
72,80;68,20;4,60;6,3%;;;172,80;140,40;32,40;18,8%;;
41,40;38,80;2,60;6,3%;;;340,40;276,60;63,80;18,7%;;
60,80;57,00;3,80;6,2%;;;357,80;290,80;67,00;18,7%;;
80,40;75,40;5,00;6,2%;;;357,40;290,80;66,60;18,6%;;
229,40;215,20;14,20;6,2%;;;190,00;154,60;35,40;18,6%;;
38,80;36,40;2,40;6,2%;;;181,80;148,00;33,80;18,6%;;
120,00;112,60;7,40;6,2%;;;143,40;116,80;26,60;18,5%;;
78,20;73,40;4,80;6,1%;;;209,20;170,40;38,80;18,5%;;
84,80;79,60;5,20;6,1%;;;175,60;143,20;32,40;18,5%;;
75,40;70,80;4,60;6,1%;;;328,60;268,20;60,40;18,4%;;
75,40;70,80;4,60;6,1%;;;152,40;124,40;28,00;18,4%;;
92,00;86,40;5,60;6,1%;;;153,20;125,20;28,00;18,3%;;
122,20;114,80;7,40;6,1%;;;309,00;252,60;56,40;18,3%;;
93,20;87,60;5,60;6,0%;;;457,40;374,00;83,40;18,2%;;
40,00;37,60;2,40;6,0%;;;209,60;171,40;38,20;18,2%;;
71,20;67,00;4,20;5,9%;;;362,00;296,20;65,80;18,2%;;
102,00;96,00;6,00;5,9%;;;194,00;158,80;35,20;18,1%;;
105,80;99,60;6,20;5,9%;;;147,80;121,00;26,80;18,1%;;
102,40;96,40;6,00;5,9%;;;228,40;187,20;41,20;18,0%;;
61,60;58,00;3,60;5,8%;;;148,20;121,60;26,60;17,9%;;
62,20;58,60;3,60;5,8%;;;73,60;60,40;13,20;17,9%;;
65,80;62,00;3,80;5,8%;;;307,40;252,40;55,00;17,9%;;
62,80;59,20;3,60;5,7%;;;544,20;447,00;97,20;17,9%;;
206,00;194,20;11,80;5,7%;;;180,60;148,40;32,20;17,8%;;
135,00;127,40;7,60;5,6%;;;381,60;313,60;68,00;17,8%;;
161,60;152,60;9,00;5,6%;;;371,80;305,60;66,20;17,8%;;
108,60;102,60;6,00;5,5%;;;141,60;116,40;25,20;17,8%;;
80,60;76,20;4,40;5,5%;;;141,60;116,40;25,20;17,8%;;
110,20;104,20;6,00;5,4%;;;121,40;99,80;21,60;17,8%;;
55,20;52,20;3,00;5,4%;;;502,00;412,80;89,20;17,8%;;
44,60;42,20;2,40;5,4%;;;181,40;149,40;32,00;17,6%;;
41,00;38,80;2,20;5,4%;;;132,80;109,40;23,40;17,6%;;
53,00;50,20;2,80;5,3%;;;271,40;224,00;47,40;17,5%;;
109,80;104,00;5,80;5,3%;;;335,60;277,00;58,60;17,5%;;
68,80;65,20;3,60;5,2%;;;218,20;180,20;38,00;17,4%;;
65,60;62,20;3,40;5,2%;;;181,20;149,80;31,40;17,3%;;
54,40;51,60;2,80;5,1%;;;146,80;121,40;25,40;17,3%;;
120,80;114,60;6,20;5,1%;;;268,20;221,80;46,40;17,3%;;
74,40;70,60;3,80;5,1%;;;229,40;189,80;39,60;17,3%;;
105,80;100,40;5,40;5,1%;;;356,00;294,80;61,20;17,2%;;
68,20;64,80;3,40;5,0%;;;263,40;218,20;45,20;17,2%;;
68,20;64,80;3,40;5,0%;;;281,60;233,40;48,20;17,1%;;
60,80;57,80;3,00;4,9%;;;164,80;136,60;28,20;17,1%;;
44,60;42,40;2,20;4,9%;;;496,00;411,20;84,80;17,1%;;
44,60;42,40;2,20;4,9%;;;125,20;103,80;21,40;17,1%;;
44,60;42,40;2,20;4,9%;;;299,60;248,40;51,20;17,1%;;
81,20;77,20;4,00;4,9%;;;65,80;54,60;11,20;17,0%;;
40,80;38,80;2,00;4,9%;;;371,60;308,60;63,00;17,0%;;
159,20;151,40;7,80;4,9%;;;321,60;267,20;54,40;16,9%;;
144,20;137,20;7,00;4,9%;;;132,60;110,20;22,40;16,9%;;
58,00;55,20;2,80;4,8%;;;134,80;112,20;22,60;16,8%;;
66,40;63,20;3,20;4,8%;;;160,00;133,20;26,80;16,8%;;
91,40;87,00;4,40;4,8%;;;565,20;470,60;94,60;16,7%;;
58,20;55,40;2,80;4,8%;;;386,20;321,60;64,60;16,7%;;
58,20;55,40;2,80;4,8%;;;169,40;141,20;28,20;16,6%;;
171,00;162,80;8,20;4,8%;;;226,20;188,60;37,60;16,6%;;
84,00;80,00;4,00;4,8%;;;270,00;225,20;44,80;16,6%;;
55,20;52,60;2,60;4,7%;;;82,00;68,40;13,60;16,6%;;
76,60;73,00;3,60;4,7%;;;157,40;131,40;26,00;16,5%;;
102,20;97,40;4,80;4,7%;;;288,00;240,60;47,40;16,5%;;
77,00;73,40;3,60;4,7%;;;215,20;179,80;35,40;16,4%;;
65,40;62,40;3,00;4,6%;;;270,00;225,60;44,40;16,4%;;
118,00;112,60;5,40;4,6%;;;250,60;209,40;41,20;16,4%;;
61,20;58,40;2,80;4,6%;;;113,40;94,80;18,60;16,4%;;
43,80;41,80;2,00;4,6%;;;113,40;94,80;18,60;16,4%;;
154,80;147,80;7,00;4,5%;;;156,20;130,60;25,60;16,4%;;
79,80;76,20;3,60;4,5%;;;139,20;116,40;22,80;16,4%;;
53,80;51,40;2,40;4,5%;;;160,00;133,80;26,20;16,4%;;
76,40;73,00;3,40;4,5%;;;227,40;190,20;37,20;16,4%;;
103,40;98,80;4,60;4,4%;;;253,60;212,20;41,40;16,3%;;
45,00;43,00;2,00;4,4%;;;234,00;195,80;38,20;16,3%;;
45,00;43,00;2,00;4,4%;;;494,40;413,80;80,60;16,3%;;
59,00;56,40;2,60;4,4%;;;494,40;413,80;80,60;16,3%;;
105,40;100,80;4,60;4,4%;;;288,60;241,60;47,00;16,3%;;
68,80;65,80;3,00;4,4%;;;118,00;98,80;19,20;16,3%;;
105,80;101,20;4,60;4,3%;;;167,20;140,00;27,20;16,3%;;
60,20;57,60;2,60;4,3%;;;167,40;140,20;27,20;16,2%;;
46,40;44,40;2,00;4,3%;;;167,40;140,20;27,20;16,2%;;
41,80;40,00;1,80;4,3%;;;234,40;196,40;38,00;16,2%;;
177,00;169,40;7,60;4,3%;;;205,00;171,80;33,20;16,2%;;
56,00;53,60;2,40;4,3%;;;469,80;393,80;76,00;16,2%;;
56,20;53,80;2,40;4,3%;;;394,60;330,80;63,80;16,2%;;
75,00;71,80;3,20;4,3%;;;104,20;87,40;16,80;16,1%;;
85,00;81,40;3,60;4,2%;;;183,60;154,00;29,60;16,1%;;
56,80;54,40;2,40;4,2%;;;114,40;96,00;18,40;16,1%;;
53,20;51,00;2,20;4,1%;;;141,60;119,00;22,60;16,0%;;
72,80;69,80;3,00;4,1%;;;309,60;260,20;49,40;16,0%;;
165,40;158,60;6,80;4,1%;;;445,00;374,00;71,00;16,0%;;
43,80;42,00;1,80;4,1%;;;396,20;333,00;63,20;16,0%;;
88,60;85,00;3,60;4,1%;;;105,40;88,60;16,80;15,9%;;
59,40;57,00;2,40;4,0%;;;149,60;125,80;23,80;15,9%;;
84,60;81,20;3,40;4,0%;;;156,20;131,40;24,80;15,9%;;
75,00;72,00;3,00;4,0%;;;179,20;150,80;28,40;15,8%;;
90,00;86,40;3,60;4,0%;;;222,80;187,60;35,20;15,8%;;
60,20;57,80;2,40;4,0%;;;265,40;223,60;41,80;15,7%;;
80,40;77,20;3,20;4,0%;;;114,40;96,40;18,00;15,7%;;
65,80;63,20;2,60;4,0%;;;209,80;176,80;33,00;15,7%;;
91,60;88,00;3,60;3,9%;;;179,40;151,20;28,20;15,7%;;
92,00;88,40;3,60;3,9%;;;163,20;137,60;25,60;15,7%;;
61,40;59,00;2,40;3,9%;;;426,00;359,20;66,80;15,7%;;
103,00;99,00;4,00;3,9%;;;187,60;158,20;29,40;15,7%;;
180,80;173,80;7,00;3,9%;;;66,40;56,00;10,40;15,7%;;
52,40;50,40;2,00;3,8%;;;169,20;142,80;26,40;15,6%;;
63,20;60,80;2,40;3,8%;;;220,00;185,80;34,20;15,5%;;
89,60;86,20;3,40;3,8%;;;135,80;114,80;21,00;15,5%;;
79,20;76,20;3,00;3,8%;;;156,60;132,40;24,20;15,5%;;
132,40;127,40;5,00;3,8%;;;387,00;327,40;59,60;15,4%;;
64,40;62,00;2,40;3,7%;;;367,60;311,00;56,60;15,4%;;
129,00;124,20;4,80;3,7%;;;681,00;576,20;104,80;15,4%;;
59,20;57,00;2,20;3,7%;;;286,40;242,40;44,00;15,4%;;
145,80;140,40;5,40;3,7%;;;97,80;82,80;15,00;15,3%;;
92,40;89,00;3,40;3,7%;;;142,20;120,40;21,80;15,3%;;
88,00;84,80;3,20;3,6%;;;164,80;139,60;25,20;15,3%;;
61,00;58,80;2,20;3,6%;;;359,60;304,80;54,80;15,2%;;
189,00;182,20;6,80;3,6%;;;200,80;170,20;30,60;15,2%;;
33,40;32,20;1,20;3,6%;;;93,60;79,40;14,20;15,2%;;
61,40;59,20;2,20;3,6%;;;356,40;302,60;53,80;15,1%;;
62,00;59,80;2,20;3,5%;;;273,00;231,80;41,20;15,1%;;
62,60;60,40;2,20;3,5%;;;205,60;174,80;30,80;15,0%;;
74,00;71,40;2,60;3,5%;;;159,00;135,20;23,80;15,0%;;
62,80;60,60;2,20;3,5%;;;124,40;105,80;18,60;15,0%;;
103,60;100,00;3,60;3,5%;;;124,40;105,80;18,60;15,0%;;
57,80;55,80;2,00;3,5%;;;701,40;596,60;104,80;14,9%;;
104,40;100,80;3,60;3,4%;;;261,20;222,20;39,00;14,9%;;
23,20;22,40;0,80;3,4%;;;96,60;82,20;14,40;14,9%;;
64,20;62,00;2,20;3,4%;;;131,80;112,20;19,60;14,9%;;
70,20;67,80;2,40;3,4%;;;165,80;141,20;24,60;14,8%;;
64,40;62,20;2,20;3,4%;;;164,60;140,20;24,40;14,8%;;
64,80;62,60;2,20;3,4%;;;820,40;699,60;120,80;14,7%;;
147,60;142,60;5,00;3,4%;;;83,00;70,80;12,20;14,7%;;
59,40;57,40;2,00;3,4%;;;307,00;262,00;45,00;14,7%;;
131,40;127,00;4,40;3,3%;;;168,40;143,80;24,60;14,6%;;
42,00;40,60;1,40;3,3%;;;215,20;183,80;31,40;14,6%;;
66,40;64,20;2,20;3,3%;;;144,00;123,00;21,00;14,6%;;
96,80;93,60;3,20;3,3%;;;114,00;97,40;16,60;14,6%;;
79,20;76,60;2,60;3,3%;;;119,80;102,40;17,40;14,5%;;
79,60;77,00;2,60;3,3%;;;311,80;266,60;45,20;14,5%;;
79,60;77,00;2,60;3,3%;;;197,60;169,00;28,60;14,5%;;
98,20;95,00;3,20;3,3%;;;184,40;157,80;26,60;14,4%;;
61,40;59,40;2,00;3,3%;;;145,80;124,80;21,00;14,4%;;
43,00;41,60;1,40;3,3%;;;218,20;186,80;31,40;14,4%;;
67,60;65,40;2,20;3,3%;;;211,40;181,00;30,40;14,4%;;
117,00;113,20;3,80;3,2%;;;158,20;135,60;22,60;14,3%;;
92,60;89,60;3,00;3,2%;;;158,20;135,60;22,60;14,3%;;
37,20;36,00;1,20;3,2%;;;187,00;160,40;26,60;14,2%;;
49,60;48,00;1,60;3,2%;;;341,00;292,60;48,40;14,2%;;
93,00;90,00;3,00;3,2%;;;203,20;174,40;28,80;14,2%;;
43,40;42,00;1,40;3,2%;;;137,00;117,60;19,40;14,2%;;
69,20;67,00;2,20;3,2%;;;172,60;148,20;24,40;14,1%;;
81,80;79,20;2,60;3,2%;;;189,40;162,80;26,60;14,0%;;
122,40;118,60;3,80;3,1%;;;179,80;154,60;25,20;14,0%;;
135,40;131,20;4,20;3,1%;;;78,60;67,60;11,00;14,0%;;
96,80;93,80;3,00;3,1%;;;213,20;183,40;29,80;14,0%;;
39,20;38,00;1,20;3,1%;;;183,20;157,60;25,60;14,0%;;
98,00;95,00;3,00;3,1%;;;183,20;157,60;25,60;14,0%;;
79,60;77,20;2,40;3,0%;;;88,80;76,40;12,40;14,0%;;
33,40;32,40;1,00;3,0%;;;235,00;202,20;32,80;14,0%;;
81,00;78,60;2,40;3,0%;;;317,60;273,40;44,20;13,9%;;
150,20;145,80;4,40;2,9%;;;346,80;298,60;48,20;13,9%;;
61,80;60,00;1,80;2,9%;;;162,00;139,60;22,40;13,8%;;
124,40;120,80;3,60;2,9%;;;192,40;165,80;26,60;13,8%;;
83,20;80,80;2,40;2,9%;;;142,00;122,40;19,60;13,8%;;
55,80;54,20;1,60;2,9%;;;128,00;110,40;17,60;13,8%;;
49,40;48,00;1,40;2,8%;;;128,00;110,40;17,60;13,8%;;
56,80;55,20;1,60;2,8%;;;230,40;198,80;31,60;13,7%;;
99,60;96,80;2,80;2,8%;;;115,40;99,60;15,80;13,7%;;
64,40;62,60;1,80;2,8%;;;155,00;133,80;21,20;13,7%;;
102,20;99,40;2,80;2,7%;;;326,80;282,20;44,60;13,6%;;
73,20;71,20;2,00;2,7%;;;377,00;325,60;51,40;13,6%;;
80,80;78,60;2,20;2,7%;;;228,20;197,20;31,00;13,6%;;
52,40;51,00;1,40;2,7%;;;87,20;75,40;11,80;13,5%;;
128,00;124,60;3,40;2,7%;;;124,20;107,40;16,80;13,5%;;
83,20;81,00;2,20;2,6%;;;126,20;109,20;17,00;13,5%;;
61,00;59,40;1,60;2,6%;;;250,40;216,80;33,60;13,4%;;
46,20;45,00;1,20;2,6%;;;341,60;296,00;45,60;13,3%;;
55,60;54,20;1,40;2,5%;;;618,20;535,80;82,40;13,3%;;
63,60;62,00;1,60;2,5%;;;73,60;63,80;9,80;13,3%;;
71,80;70,00;1,80;2,5%;;;242,00;209,80;32,20;13,3%;;
64,00;62,40;1,60;2,5%;;;204,60;177,40;27,20;13,3%;;
72,60;70,80;1,80;2,5%;;;85,80;74,40;11,40;13,3%;;
56,60;55,20;1,40;2,5%;;;267,00;231,80;35,20;13,2%;;
113,60;110,80;2,80;2,5%;;;230,00;199,80;30,20;13,1%;;
65,20;63,60;1,60;2,5%;;;348,60;303,00;45,60;13,1%;;
49,00;47,80;1,20;2,4%;;;379,40;329,80;49,60;13,1%;;
66,00;64,40;1,60;2,4%;;;531,80;462,40;69,40;13,1%;;
66,40;64,80;1,60;2,4%;;;417,00;362,60;54,40;13,0%;;
66,40;64,80;1,60;2,4%;;;738,40;642,20;96,20;13,0%;;
50,00;48,80;1,20;2,4%;;;222,60;193,60;29,00;13,0%;;
50,80;49,60;1,20;2,4%;;;406,60;353,80;52,80;13,0%;;
59,40;58,00;1,40;2,4%;;;176,00;153,20;22,80;13,0%;;
68,60;67,00;1,60;2,3%;;;415,60;361,80;53,80;12,9%;;
77,80;76,00;1,80;2,3%;;;188,20;164,00;24,20;12,9%;;
60,60;59,20;1,40;2,3%;;;99,80;87,00;12,80;12,8%;;
69,60;68,00;1,60;2,3%;;;348,20;303,60;44,60;12,8%;;
96,00;93,80;2,20;2,3%;;;325,00;283,40;41,60;12,8%;;
43,80;42,80;1,00;2,3%;;;218,80;190,80;28,00;12,8%;;
44,20;43,20;1,00;2,3%;;;342,40;298,60;43,80;12,8%;;
53,40;52,20;1,20;2,2%;;;194,20;169,40;24,80;12,8%;;
107,20;104,80;2,40;2,2%;;;705,00;615,00;90,00;12,8%;;
36,20;35,40;0,80;2,2%;;;114,40;99,80;14,60;12,8%;;
45,40;44,40;1,00;2,2%;;;330,80;288,80;42,00;12,7%;;
136,40;133,40;3,00;2,2%;;;330,80;288,80;42,00;12,7%;;
45,60;44,60;1,00;2,2%;;;180,20;157,40;22,80;12,7%;;
45,80;44,80;1,00;2,2%;;;121,20;106,00;15,20;12,5%;;
64,40;63,00;1,40;2,2%;;;126,00;110,20;15,80;12,5%;;
83,60;81,80;1,80;2,2%;;;167,60;146,60;21,00;12,5%;;
47,40;46,40;1,00;2,1%;;;253,00;221,40;31,60;12,5%;;
47,40;46,40;1,00;2,1%;;;211,60;185,20;26,40;12,5%;;
57,00;55,80;1,20;2,1%;;;750,60;657,20;93,40;12,4%;;
76,00;74,40;1,60;2,1%;;;186,60;163,40;23,20;12,4%;;
85,60;83,80;1,80;2,1%;;;337,60;295,80;41,80;12,4%;;
123,80;121,20;2,60;2,1%;;;119,60;104,80;14,80;12,4%;;
116,80;114,40;2,40;2,1%;;;152,20;133,40;18,80;12,4%;;
78,40;76,80;1,60;2,0%;;;1309,20;1147,60;161,60;12,3%;;
148,00;145,00;3,00;2,0%;;;681,80;597,80;84,00;12,3%;;
119,40;117,00;2,40;2,0%;;;388,60;340,80;47,80;12,3%;;
71,00;69,60;1,40;2,0%;;;185,40;162,60;22,80;12,3%;;
71,20;69,80;1,40;2,0%;;;240,80;211,20;29,60;12,3%;;
125,60;123,20;2,40;1,9%;;;153,20;134,40;18,80;12,3%;;
167,80;164,60;3,20;1,9%;;;271,00;237,80;33,20;12,3%;;
53,00;52,00;1,00;1,9%;;;439,40;385,80;53,60;12,2%;;
86,60;85,00;1,60;1,8%;;;338,00;296,80;41,20;12,2%;;
86,60;85,00;1,60;1,8%;;;148,40;130,40;18,00;12,1%;;
131,60;129,20;2,40;1,8%;;;262,40;230,60;31,80;12,1%;;
55,00;54,00;1,00;1,8%;;;107,40;94,40;13,00;12,1%;;
55,40;54,40;1,00;1,8%;;;61,20;53,80;7,40;12,1%;;
67,40;66,20;1,20;1,8%;;;89,60;78,80;10,80;12,1%;;
70,80;69,60;1,20;1,7%;;;89,60;78,80;10,80;12,1%;;
72,00;70,80;1,20;1,7%;;;310,40;273,00;37,40;12,0%;;
72,20;71,00;1,20;1,7%;;;570,40;501,80;68,60;12,0%;;
73,40;72,20;1,20;1,6%;;;176,40;155,20;21,20;12,0%;;
87,80;86,40;1,40;1,6%;;;146,60;129,00;17,60;12,0%;;
77,60;76,40;1,20;1,5%;;;213,80;188,20;25,60;12,0%;;
77,60;76,40;1,20;1,5%;;;603,80;531,60;72,20;12,0%;;
52,40;51,60;0,80;1,5%;;;107,60;94,80;12,80;11,9%;;
52,40;51,60;0,80;1,5%;;;102,80;90,60;12,20;11,9%;;
26,20;25,80;0,40;1,5%;;;143,40;126,40;17,00;11,9%;;
52,80;52,00;0,80;1,5%;;;318,00;280,40;37,60;11,8%;;
53,40;52,60;0,80;1,5%;;;1304,40;1150,20;154,20;11,8%;;
41,00;40,40;0,60;1,5%;;;130,40;115,00;15,40;11,8%;;
55,20;54,40;0,80;1,4%;;;401,80;354,40;47,40;11,8%;;
55,40;54,60;0,80;1,4%;;;78,00;68,80;9,20;11,8%;;
41,80;41,20;0,60;1,4%;;;95,00;83,80;11,20;11,8%;;
43,20;42,60;0,60;1,4%;;;231,20;204,00;27,20;11,8%;;
101,20;99,80;1,40;1,4%;;;367,80;325,00;42,80;11,6%;;
43,40;42,80;0,60;1,4%;;;134,60;119,00;15,60;11,6%;;
87,80;86,60;1,20;1,4%;;;265,20;234,60;30,60;11,5%;;
59,00;58,20;0,80;1,4%;;;963,00;852,00;111,00;11,5%;;
74,20;73,20;1,00;1,3%;;;238,00;210,60;27,40;11,5%;;
89,40;88,20;1,20;1,3%;;;158,40;140,20;18,20;11,5%;;
89,40;88,20;1,20;1,3%;;;132,40;117,20;15,20;11,5%;;
45,60;45,00;0,60;1,3%;;;129,20;114,40;14,80;11,5%;;
91,40;90,20;1,20;1,3%;;;108,40;96,00;12,40;11,4%;;
61,20;60,40;0,80;1,3%;;;211,60;187,40;24,20;11,4%;;
61,40;60,60;0,80;1,3%;;;240,80;213,40;27,40;11,4%;;
61,60;60,80;0,80;1,3%;;;116,60;103,40;13,20;11,3%;;
109,80;108,40;1,40;1,3%;;;185,80;164,80;21,00;11,3%;;
47,80;47,20;0,60;1,3%;;;228,40;202,60;25,80;11,3%;;
48,00;47,40;0,60;1,3%;;;250,00;221,80;28,20;11,3%;;
48,60;48,00;0,60;1,2%;;;704,40;625,20;79,20;11,2%;;
48,60;48,00;0,60;1,2%;;;918,40;815,40;103,00;11,2%;;
65,80;65,00;0,80;1,2%;;;261,00;231,80;29,20;11,2%;;
118,20;116,80;1,40;1,2%;;;298,20;265,00;33,20;11,1%;;
51,40;50,80;0,60;1,2%;;;88,20;78,40;9,80;11,1%;;
103,00;101,80;1,20;1,2%;;;124,40;110,60;13,80;11,1%;;
52,20;51,60;0,60;1,1%;;;163,00;145,00;18,00;11,0%;;
87,00;86,00;1,00;1,1%;;;224,80;200,00;24,80;11,0%;;
35,00;34,60;0,40;1,1%;;;94,40;84,00;10,40;11,0%;;
53,80;53,20;0,60;1,1%;;;150,80;134,20;16,60;11,0%;;
71,80;71,00;0,80;1,1%;;;127,80;113,80;14,00;11,0%;;
108,40;107,20;1,20;1,1%;;;348,40;310,40;38,00;10,9%;;
109,00;107,80;1,20;1,1%;;;273,60;243,80;29,80;10,9%;;
91,40;90,40;1,00;1,1%;;;132,80;118,40;14,40;10,8%;;
55,20;54,60;0,60;1,1%;;;206,60;184,20;22,40;10,8%;;
37,20;36,80;0,40;1,1%;;;254,60;227,00;27,60;10,8%;;
74,40;73,60;0,80;1,1%;;;398,00;355,00;43,00;10,8%;;
74,40;73,60;0,80;1,1%;;;733,20;654,40;78,80;10,7%;;
261,80;259,00;2,80;1,1%;;;638,60;570,00;68,60;10,7%;;
56,60;56,00;0,60;1,1%;;;137,80;123,00;14,80;10,7%;;
76,60;75,80;0,80;1,0%;;;155,20;138,60;16,60;10,7%;;
78,60;77,80;0,80;1,0%;;;220,00;196,60;23,40;10,6%;;
118,20;117,00;1,20;1,0%;;;569,20;508,80;60,40;10,6%;;
39,40;39,00;0,40;1,0%;;;111,80;100,00;11,80;10,6%;;
80,20;79,40;0,80;1,0%;;;80,20;71,80;8,40;10,5%;;
82,20;81,40;0,80;1,0%;;;170,40;152,60;17,80;10,4%;;
65,20;64,60;0,60;0,9%;;;165,00;147,80;17,20;10,4%;;
66,40;65,80;0,60;0,9%;;;115,40;103,40;12,00;10,4%;;
90,00;89,20;0,80;0,9%;;;115,40;103,40;12,00;10,4%;;
67,60;67,00;0,60;0,9%;;;105,80;94,80;11,00;10,4%;;
91,00;90,20;0,80;0,9%;;;171,80;154,00;17,80;10,4%;;
50,40;50,00;0,40;0,8%;;;133,20;119,40;13,80;10,4%;;
76,20;75,60;0,60;0,8%;;;220,20;197,40;22,80;10,4%;;
131,60;130,60;1,00;0,8%;;;71,60;64,20;7,40;10,3%;;
131,60;130,60;1,00;0,8%;;;120,00;107,60;12,40;10,3%;;
53,40;53,00;0,40;0,7%;;;147,60;132,40;15,20;10,3%;;
53,60;53,20;0,40;0,7%;;;105,20;94,40;10,80;10,3%;;
54,20;53,80;0,40;0,7%;;;132,60;119,00;13,60;10,3%;;
81,80;81,20;0,60;0,7%;;;89,80;80,60;9,20;10,2%;;
54,60;54,20;0,40;0,7%;;;193,80;174,00;19,80;10,2%;;
55,00;54,60;0,40;0,7%;;;139,20;125,00;14,20;10,2%;;
55,60;55,20;0,40;0,7%;;;257,20;231,00;26,20;10,2%;;
55,80;55,40;0,40;0,7%;;;700,40;629,40;71,00;10,1%;;
113,20;112,40;0,80;0,7%;;;92,80;83,40;9,40;10,1%;;
57,40;57,00;0,40;0,7%;;;108,80;97,80;11,00;10,1%;;
57,80;57,40;0,40;0,7%;;;125,00;112,40;12,60;10,1%;;
58,20;57,80;0,40;0,7%;;;156,80;141,00;15,80;10,1%;;
89,00;88,40;0,60;0,7%;;;365,80;329,00;36,80;10,1%;;
90,20;89,60;0,60;0,7%;;;217,60;195,80;21,80;10,0%;;
61,00;60,60;0,40;0,7%;;;139,80;125,80;14,00;10,0%;;
61,20;60,80;0,40;0,7%;;;677,20;609,40;67,80;10,0%;;
61,20;60,80;0,40;0,7%;;;203,80;183,40;20,40;10,0%;;
94,80;94,20;0,60;0,6%;;;248,00;223,20;24,80;10,0%;;
132,60;131,80;0,80;0,6%;;;236,00;212,40;23,60;10,0%;;
66,80;66,40;0,40;0,6%;;;372,60;335,40;37,20;10,0%;;
68,40;68,00;0,40;0,6%;;;243,00;218,80;24,20;10,0%;;
68,80;68,40;0,40;0,6%;;;376,00;338,60;37,40;9,9%;;
71,20;70,80;0,40;0,6%;;;136,80;123,20;13,60;9,9%;;
72,60;72,20;0,40;0,6%;;;400,40;360,60;39,80;9,9%;;
37,40;37,20;0,20;0,5%;;;191,20;172,20;19,00;9,9%;;
38,00;37,80;0,20;0,5%;;;212,80;191,80;21,00;9,9%;;
46,40;46,20;0,20;0,4%;;;448,60;404,40;44,20;9,9%;;
141,40;140,80;0,60;0,4%;;;657,60;593,00;64,60;9,8%;;
148,40;147,80;0,60;0,4%;;;286,20;258,20;28,00;9,8%;;
155,80;155,20;0,60;0,4%;;;294,60;265,80;28,80;9,8%;;
58,80;58,60;0,20;0,3%;;;239,40;216,00;23,40;9,8%;;
60,60;60,40;0,20;0,3%;;;127,20;114,80;12,40;9,7%;;
61,20;61,00;0,20;0,3%;;;194,40;175,60;18,80;9,7%;;
69,40;69,20;0,20;0,3%;;;223,60;202,00;21,60;9,7%;;
70,60;70,40;0,20;0,3%;;;215,80;195,00;20,80;9,6%;;
144,60;144,20;0,40;0,3%;;;162,00;146,40;15,60;9,6%;;
74,00;73,80;0,20;0,3%;;;85,20;77,00;8,20;9,6%;;
76,20;76,00;0,20;0,3%;;;160,20;144,80;15,40;9,6%;;
78,40;78,20;0,20;0,3%;;;202,00;182,60;19,40;9,6%;;
78,40;78,20;0,20;0,3%;;;146,00;132,00;14,00;9,6%;;
90,20;90,00;0,20;0,2%;;;188,00;170,00;18,00;9,6%;;
68,60;68,60;0,00;0,0%;;;184,00;166,40;17,60;9,6%;;
64,20;64,20;0,00;0,0%;;;356,60;322,60;34,00;9,5%;;
52,80;52,80;0,00;0,0%;;;134,80;122,00;12,80;9,5%;;
174,60;174,60;0,00;0,0%;;;347,60;314,60;33,00;9,5%;;
39,60;39,60;0,00;0,0%;;;523,60;474,00;49,60;9,5%;;
107,60;107,60;0,00;0,0%;;;146,00;132,20;13,80;9,5%;;
91,60;91,60;0,00;0,0%;;;671,80;608,40;63,40;9,4%;;
53,60;53,60;0,00;0,0%;;;163,80;148,40;15,40;9,4%;;
30,20;30,20;0,00;0,0%;;;128,80;116,80;12,00;9,3%;;
53,80;53,80;0,00;0,0%;;;114,60;104,00;10,60;9,2%;;
103,00;103,00;0,00;0,0%;;;227,40;206,40;21,00;9,2%;;
56,00;56,00;0,00;0,0%;;;180,00;163,40;16,60;9,2%;;
85,20;85,20;0,00;0,0%;;;152,40;138,60;13,80;9,1%;;
77,80;77,80;0,00;0,0%;;;133,00;121,00;12,00;9,0%;;
33,80;33,80;0,00;0,0%;;;186,60;169,80;16,80;9,0%;;
59,40;59,40;0,00;0,0%;;;141,20;128,60;12,60;8,9%;;
67,60;67,60;0,00;0,0%;;;229,20;208,80;20,40;8,9%;;
72,80;72,80;0,00;0,0%;;;328,40;299,20;29,20;8,9%;;
76,20;76,20;0,00;0,0%;;;97,40;88,80;8,60;8,8%;;
39,00;39,00;0,00;0,0%;;;261,00;238,00;23,00;8,8%;;
57,80;57,80;0,00;0,0%;;;174,80;159,40;15,40;8,8%;;
197,40;197,40;0,00;0,0%;;;145,60;132,80;12,80;8,8%;;
48,60;48,60;0,00;0,0%;;;134,60;122,80;11,80;8,8%;;
40,40;40,40;0,00;0,0%;;;96,00;87,60;8,40;8,8%;;
46,40;46,40;0,00;0,0%;;;235,60;215,00;20,60;8,7%;;
74,80;74,80;0,00;0,0%;;;375,80;343,00;32,80;8,7%;;
46,20;46,20;0,00;0,0%;;;127,40;116,40;11,00;8,6%;;
60,20;60,20;0,00;0,0%;;;134,80;123,20;11,60;8,6%;;
50,20;50,20;0,00;0,0%;;;263,40;240,80;22,60;8,6%;;
24,40;24,40;0,00;0,0%;;;42,00;38,40;3,60;8,6%;;
48,60;48,60;0,00;0,0%;;;134,00;122,60;11,40;8,5%;;
37,20;37,20;0,00;0,0%;;;262,80;240,60;22,20;8,4%;;
45,80;45,80;0,00;0,0%;;;145,20;133,00;12,20;8,4%;;
54,40;54,40;0,00;0,0%;;;97,80;89,60;8,20;8,4%;;
46,60;46,60;0,00;0,0%;;;642,80;589,00;53,80;8,4%;;
71,60;71,60;0,00;0,0%;;;390,00;357,40;32,60;8,4%;;
45,80;45,80;0,00;0,0%;;;239,00;219,20;19,80;8,3%;;
43,20;43,20;0,00;0,0%;;;212,60;195,00;17,60;8,3%;;
59,40;59,40;0,00;0,0%;;;82,40;75,60;6,80;8,3%;;
65,00;65,00;0,00;0,0%;;;240,00;220,20;19,80;8,3%;;
41,00;41,00;0,00;0,0%;;;240,20;220,40;19,80;8,2%;;
70,00;70,00;0,00;0,0%;;;240,20;220,40;19,80;8,2%;;
74,40;74,40;0,00;0,0%;;;114,20;104,80;9,40;8,2%;;
66,00;66,00;0,00;0,0%;;;145,80;134,00;11,80;8,1%;;
138,80;138,80;0,00;0,0%;;;89,40;82,20;7,20;8,1%;;
18,60;18,60;0,00;0,0%;;;126,80;116,60;10,20;8,0%;;
44,00;44,00;0,00;0,0%;;;171,80;158,00;13,80;8,0%;;
45,40;45,40;0,00;0,0%;;;696,80;641,20;55,60;8,0%;;
52,00;52,00;0,00;0,0%;;;113,60;104,60;9,00;7,9%;;
56,20;56,20;0,00;0,0%;;;63,20;58,20;5,00;7,9%;;
144,20;144,20;0,00;0,0%;;;126,80;116,80;10,00;7,9%;;
61,20;61,20;0,00;0,0%;;;264,00;243,20;20,80;7,9%;;
86,00;86,00;0,00;0,0%;;;235,00;216,60;18,40;7,8%;;
67,00;67,00;0,00;0,0%;;;125,40;115,60;9,80;7,8%;;
81,00;81,00;0,00;0,0%;;;162,40;149,80;12,60;7,8%;;
71,20;71,20;0,00;0,0%;;;162,40;149,80;12,60;7,8%;;
77,80;77,80;0,00;0,0%;;;639,80;590,20;49,60;7,8%;;
55,00;55,00;0,00;0,0%;;;90,40;83,40;7,00;7,7%;;
47,00;47,00;0,00;0,0%;;;252,40;233,00;19,40;7,7%;;
82,00;82,00;0,00;0,0%;;;580,40;536,20;44,20;7,6%;;
55,20;55,20;0,00;0,0%;;;100,40;92,80;7,60;7,6%;;
168,00;168,00;0,00;0,0%;;;533,40;493,60;39,80;7,5%;;
35,60;35,60;0,00;0,0%;;;137,20;127,00;10,20;7,4%;;
65,40;65,40;0,00;0,0%;;;91,80;85,00;6,80;7,4%;;
48,00;48,00;0,00;0,0%;;;156,60;145,00;11,60;7,4%;;
36,60;36,60;0,00;0,0%;;;135,20;125,20;10,00;7,4%;;
93,20;93,20;0,00;0,0%;;;487,40;451,40;36,00;7,4%;;
53,40;53,40;0,00;0,0%;;;100,20;92,80;7,40;7,4%;;
54,60;54,60;0,00;0,0%;;;154,40;143,00;11,40;7,4%;;
64,00;64,00;0,00;0,0%;;;73,20;67,80;5,40;7,4%;;
30,80;30,80;0,00;0,0%;;;187,60;173,80;13,80;7,4%;;
97,40;97,40;0,00;0,0%;;;266,60;247,00;19,60;7,4%;;
62,40;62,40;0,00;0,0%;;;225,80;209,20;16,60;7,4%;;
50,20;50,20;0,00;0,0%;;;84,60;78,40;6,20;7,3%;;
77,00;77,00;0,00;0,0%;;;218,60;202,60;16,00;7,3%;;
46,40;46,40;0,00;0,0%;;;112,60;104,40;8,20;7,3%;;
55,20;55,20;0,00;0,0%;;;99,00;91,80;7,20;7,3%;;
37,20;37,20;0,00;0,0%;;;102,00;94,60;7,40;7,3%;;
31,40;31,40;0,00;0,0%;;;218,40;202,60;15,80;7,2%;;
97,60;97,60;0,00;0,0%;;;638,60;592,60;46,00;7,2%;;
93,00;93,00;0,00;0,0%;;;255,80;237,40;18,40;7,2%;;
47,00;47,00;0,00;0,0%;;;164,60;152,80;11,80;7,2%;;
60,40;60,40;0,00;0,0%;;;69,80;64,80;5,00;7,2%;;
54,60;54,60;0,00;0,0%;;;148,40;137,80;10,60;7,1%;;
31,60;31,60;0,00;0,0%;;;275,20;255,60;19,60;7,1%;;
55,80;55,80;0,00;0,0%;;;236,00;219,20;16,80;7,1%;;
46,80;46,80;0,00;0,0%;;;171,40;159,20;12,20;7,1%;;
93,00;93,00;0,00;0,0%;;;257,80;239,60;18,20;7,1%;;
35,40;35,40;0,00;0,0%;;;139,00;129,20;9,80;7,1%;;
39,00;39,00;0,00;0,0%;;;250,00;232,40;17,60;7,0%;;
27,60;27,60;0,00;0,0%;;;151,40;140,80;10,60;7,0%;;
55,40;55,40;0,00;0,0%;;;152,80;142,20;10,60;6,9%;;
97,60;97,60;0,00;0,0%;;;110,00;102,40;7,60;6,9%;;
111,20;111,20;0,00;0,0%;;;240,80;224,20;16,60;6,9%;;
51,40;51,40;0,00;0,0%;;;229,80;214,00;15,80;6,9%;;
45,60;45,60;0,00;0,0%;;;104,80;97,60;7,20;6,9%;;
60,40;60,40;0,00;0,0%;;;242,60;226,00;16,60;6,8%;;
61,60;61,60;0,00;0,0%;;;231,40;215,60;15,80;6,8%;;
43,80;43,80;0,00;0,0%;;;296,00;275,80;20,20;6,8%;;
45,40;45,40;0,00;0,0%;;;291,40;271,80;19,60;6,7%;;
77,00;77,00;0,00;0,0%;;;143,00;133,40;9,60;6,7%;;
127,60;127,60;0,00;0,0%;;;236,60;220,80;15,80;6,7%;;
44,80;44,80;0,00;0,0%;;;93,40;87,20;6,20;6,6%;;
117,00;117,00;0,00;0,0%;;;226,20;211,20;15,00;6,6%;;
76,00;76,00;0,00;0,0%;;;99,80;93,20;6,60;6,6%;;
74,20;74,20;0,00;0,0%;;;127,40;119,00;8,40;6,6%;;
92,00;92,00;0,00;0,0%;;;106,80;99,80;7,00;6,6%;;
62,40;62,40;0,00;0,0%;;;262,80;245,60;17,20;6,5%;;
94,40;94,40;0,00;0,0%;;;262,80;245,60;17,20;6,5%;;
128,60;128,60;0,00;0,0%;;;85,60;80,00;5,60;6,5%;;
72,40;72,40;0,00;0,0%;;;193,60;181,00;12,60;6,5%;;
87,60;87,60;0,00;0,0%;;;637,80;596,60;41,20;6,5%;;
134,20;134,20;0,00;0,0%;;;236,60;221,40;15,20;6,4%;;
48,20;48,20;0,00;0,0%;;;196,40;183,80;12,60;6,4%;;
32,80;32,80;0,00;0,0%;;;121,80;114,00;7,80;6,4%;;
61,80;61,80;0,00;0,0%;;;733,40;686,60;46,80;6,4%;;
50,60;50,60;0,00;0,0%;;;87,80;82,20;5,60;6,4%;;
71,60;71,60;0,00;0,0%;;;481,80;451,20;30,60;6,4%;;
22,40;22,40;0,00;0,0%;;;148,20;138,80;9,40;6,3%;;
41,40;41,40;0,00;0,0%;;;98,00;91,80;6,20;6,3%;;
42,00;42,00;0,00;0,0%;;;536,20;502,60;33,60;6,3%;;
47,80;47,80;0,00;0,0%;;;143,80;134,80;9,00;6,3%;;
79,40;79,40;0,00;0,0%;;;205,40;192,60;12,80;6,2%;;
86,40;86,40;0,00;0,0%;;;106,00;99,40;6,60;6,2%;;
46,20;46,20;0,00;0,0%;;;193,20;181,20;12,00;6,2%;;
78,60;78,60;0,00;0,0%;;;265,00;248,60;16,40;6,2%;;
70,40;70,40;0,00;0,0%;;;168,20;157,80;10,40;6,2%;;
70,20;70,20;0,00;0,0%;;;78,20;73,40;4,80;6,1%;;
55,60;55,60;0,00;0,0%;;;174,00;163,40;10,60;6,1%;;
156,60;156,60;0,00;0,0%;;;326,60;306,80;19,80;6,1%;;
65,20;65,20;0,00;0,0%;;;221,20;207,80;13,40;6,1%;;
61,60;61,60;0,00;0,0%;;;122,20;114,80;7,40;6,1%;;
42,80;42,80;0,00;0,0%;;;479,80;450,80;29,00;6,0%;;
22,40;22,40;0,00;0,0%;;;169,00;158,80;10,20;6,0%;;
45,40;45,40;0,00;0,0%;;;180,80;170,00;10,80;6,0%;;
56,80;56,80;0,00;0,0%;;;375,20;352,80;22,40;6,0%;;
81,80;81,80;0,00;0,0%;;;195,40;183,80;11,60;5,9%;;
85,40;85,40;0,00;0,0%;;;128,20;120,60;7,60;5,9%;;
89,60;89,60;0,00;0,0%;;;193,00;181,60;11,40;5,9%;;
91,80;91,80;0,00;0,0%;;;179,00;168,60;10,40;5,8%;;
94,40;94,40;0,00;0,0%;;;289,20;272,40;16,80;5,8%;;
98,20;98,20;0,00;0,0%;;;148,60;140,00;8,60;5,8%;;
80,40;80,40;0,00;0,0%;;;145,80;137,40;8,40;5,8%;;
75,80;75,80;0,00;0,0%;;;237,20;223,60;13,60;5,7%;;
46,00;46,00;0,00;0,0%;;;140,40;132,40;8,00;5,7%;;
68,20;68,20;0,00;0,0%;;;109,20;103,00;6,20;5,7%;;
75,40;75,40;0,00;0,0%;;;211,40;199,40;12,00;5,7%;;
64,40;64,40;0,00;0,0%;;;194,80;183,80;11,00;5,6%;;
74,60;74,60;0,00;0,0%;;;537,80;507,60;30,20;5,6%;;
55,40;55,40;0,00;0,0%;;;389,20;367,40;21,80;5,6%;;
80,40;80,40;0,00;0,0%;;;82,20;77,60;4,60;5,6%;;
19,00;19,00;0,00;0,0%;;;129,00;121,80;7,20;5,6%;;
70,40;70,40;0,00;0,0%;;;284,60;268,80;15,80;5,6%;;
39,80;39,80;0,00;0,0%;;;137,00;129,40;7,60;5,5%;;
203,60;203,60;0,00;0,0%;;;94,00;88,80;5,20;5,5%;;
35,00;35,00;0,00;0,0%;;;286,20;270,40;15,80;5,5%;;
61,80;61,80;0,00;0,0%;;;337,40;318,80;18,60;5,5%;;
40,60;40,60;0,00;0,0%;;;345,20;326,20;19,00;5,5%;;
144,60;144,60;0,00;0,0%;;;116,40;110,00;6,40;5,5%;;
69,20;69,20;0,00;0,0%;;;393,20;371,60;21,60;5,5%;;
35,40;35,40;0,00;0,0%;;;237,40;224,40;13,00;5,5%;;
65,00;65,00;0,00;0,0%;;;300,00;283,60;16,40;5,5%;;
62,20;62,20;0,00;0,0%;;;352,20;333,00;19,20;5,5%;;
30,40;30,40;0,00;0,0%;;;166,20;157,20;9,00;5,4%;;
53,60;53,60;0,00;0,0%;;;100,80;95,40;5,40;5,4%;;
56,60;56,60;0,00;0,0%;;;481,40;456,00;25,40;5,3%;;
85,00;85,00;0,00;0,0%;;;287,00;272,00;15,00;5,2%;;
106,60;106,60;0,00;0,0%;;;176,20;167,00;9,20;5,2%;;
50,40;50,40;0,00;0,0%;;;95,80;90,80;5,00;5,2%;;
70,00;70,00;0,00;0,0%;;;134,60;127,60;7,00;5,2%;;
40,80;40,80;0,00;0,0%;;;266,40;252,60;13,80;5,2%;;
43,40;43,40;0,00;0,0%;;;232,60;220,60;12,00;5,2%;;
27,40;27,40;0,00;0,0%;;;186,20;176,60;9,60;5,2%;;
77,00;77,00;0,00;0,0%;;;120,80;114,60;6,20;5,1%;;
53,60;53,60;0,00;0,0%;;;318,60;302,40;16,20;5,1%;;
158,80;158,80;0,00;0,0%;;;94,40;89,60;4,80;5,1%;;
39,40;39,40;0,00;0,0%;;;299,00;283,80;15,20;5,1%;;
42,20;42,20;0,00;0,0%;;;327,80;311,20;16,60;5,1%;;
70,20;70,20;0,00;0,0%;;;95,00;90,20;4,80;5,1%;;
69,80;69,80;0,00;0,0%;;;114,80;109,00;5,80;5,1%;;
61,40;61,40;0,00;0,0%;;;143,00;135,80;7,20;5,0%;;
249,20;249,20;0,00;0,0%;;;103,80;98,60;5,20;5,0%;;
36,00;36,00;0,00;0,0%;;;199,60;189,80;9,80;4,9%;;
29,80;29,80;0,00;0,0%;;;110,80;105,40;5,40;4,9%;;
44,00;44,00;0,00;0,0%;;;87,20;83,00;4,20;4,8%;;
68,20;68,20;0,00;0,0%;;;125,40;119,40;6,00;4,8%;;
69,40;69,40;0,00;0,0%;;;96,40;91,80;4,60;4,8%;;
38,60;38,60;0,00;0,0%;;;153,00;145,80;7,20;4,7%;;
37,00;37,00;0,00;0,0%;;;204,20;194,60;9,60;4,7%;;
76,80;76,80;0,00;0,0%;;;260,40;248,20;12,20;4,7%;;
40,40;40,40;0,00;0,0%;;;348,20;332,00;16,20;4,7%;;
50,60;50,60;0,00;0,0%;;;203,20;193,80;9,40;4,6%;;
70,40;70,40;0,00;0,0%;;;170,80;163,00;7,80;4,6%;;
112,60;112,60;0,00;0,0%;;;135,80;129,60;6,20;4,6%;;
52,80;52,80;0,00;0,0%;;;136,20;130,00;6,20;4,6%;;
42,80;42,80;0,00;0,0%;;;127,60;121,80;5,80;4,5%;;
47,00;47,00;0,00;0,0%;;;165,80;158,40;7,40;4,5%;;
46,40;46,40;0,00;0,0%;;;139,20;133,00;6,20;4,5%;;
60,00;60,00;0,00;0,0%;;;76,40;73,00;3,40;4,5%;;
106,20;106,20;0,00;0,0%;;;229,80;219,60;10,20;4,4%;;
52,40;52,40;0,00;0,0%;;;198,40;189,60;8,80;4,4%;;
46,40;46,40;0,00;0,0%;;;159,00;152,00;7,00;4,4%;;
57,60;57,60;0,00;0,0%;;;274,20;262,20;12,00;4,4%;;
93,60;93,60;0,00;0,0%;;;56,20;53,80;2,40;4,3%;;
46,40;46,40;0,00;0,0%;;;75,60;72,40;3,20;4,2%;;
110,20;110,20;0,00;0,0%;;;108,80;104,20;4,60;4,2%;;
64,00;64,00;0,00;0,0%;;;253,00;242,40;10,60;4,2%;;
57,40;57,40;0,00;0,0%;;;248,40;238,20;10,20;4,1%;;
100,60;100,60;0,00;0,0%;;;152,80;146,60;6,20;4,1%;;
70,20;70,20;0,00;0,0%;;;59,40;57,00;2,40;4,0%;;
231,60;231,60;0,00;0,0%;;;153,80;147,60;6,20;4,0%;;
55,00;55,00;0,00;0,0%;;;134,20;128,80;5,40;4,0%;;
132,20;132,20;0,00;0,0%;;;564,40;541,80;22,60;4,0%;;
80,20;80,20;0,00;0,0%;;;125,00;120,20;4,80;3,8%;;
65,60;65,60;0,00;0,0%;;;110,40;106,20;4,20;3,8%;;
78,40;78,40;0,00;0,0%;;;348,80;335,60;13,20;3,8%;;
61,60;61,60;0,00;0,0%;;;170,40;164,00;6,40;3,8%;;
62,80;62,80;0,00;0,0%;;;283,00;272,40;10,60;3,7%;;
60,40;60,40;0,00;0,0%;;;61,00;58,80;2,20;3,6%;;
102,80;102,80;0,00;0,0%;;;392,60;378,60;14,00;3,6%;;
52,00;52,00;0,00;0,0%;;;67,60;65,20;2,40;3,6%;;
107,20;107,20;0,00;0,0%;;;434,00;418,60;15,40;3,5%;;
35,20;35,20;0,00;0,0%;;;62,80;60,60;2,20;3,5%;;
67,40;67,40;0,00;0,0%;;;85,80;82,80;3,00;3,5%;;
88,00;88,00;0,00;0,0%;;;527,20;508,80;18,40;3,5%;;
39,00;39,00;0,00;0,0%;;;216,60;209,20;7,40;3,4%;;
102,20;102,20;0,00;0,0%;;;154,20;149,00;5,20;3,4%;;
136,60;136,60;0,00;0,0%;;;219,40;212,20;7,20;3,3%;;
57,80;57,80;0,00;0,0%;;;205,20;198,60;6,60;3,2%;;
48,80;48,80;0,00;0,0%;;;325,80;315,40;10,40;3,2%;;
57,60;57,60;0,00;0,0%;;;107,80;104,40;3,40;3,2%;;
90,20;90,20;0,00;0,0%;;;135,40;131,20;4,20;3,1%;;
71,40;71,40;0,00;0,0%;;;104,00;100,80;3,20;3,1%;;
76,20;76,20;0,00;0,0%;;;228,60;221,60;7,00;3,1%;;
59,60;59,60;0,00;0,0%;;;78,80;76,40;2,40;3,0%;;
26,60;26,60;0,00;0,0%;;;164,60;159,60;5,00;3,0%;;
45,00;45,00;0,00;0,0%;;;125,60;121,80;3,80;3,0%;;
61,80;61,80;0,00;0,0%;;;139,20;135,00;4,20;3,0%;;
45,60;45,60;0,00;0,0%;;;79,60;77,20;2,40;3,0%;;
50,80;50,80;0,00;0,0%;;;153,00;148,40;4,60;3,0%;;
48,60;48,60;0,00;0,0%;;;75,00;72,80;2,20;2,9%;;
70,80;70,80;0,00;0,0%;;;123,40;119,80;3,60;2,9%;;
30,60;30,60;0,00;0,0%;;;125,20;121,80;3,40;2,7%;;
88,20;88,20;0,00;0,0%;;;96,00;93,40;2,60;2,7%;;
43,80;43,80;0,00;0,0%;;;149,20;145,20;4,00;2,7%;;
94,80;94,80;0,00;0,0%;;;128,00;124,60;3,40;2,7%;;
50,80;50,80;0,00;0,0%;;;98,40;95,80;2,60;2,6%;;
69,40;69,40;0,00;0,0%;;;152,20;148,20;4,00;2,6%;;
91,20;91,20;0,00;0,0%;;;160,00;155,80;4,20;2,6%;;
95,40;95,40;0,00;0,0%;;;84,40;82,20;2,20;2,6%;;
73,60;73,60;0,00;0,0%;;;107,60;104,80;2,80;2,6%;;
115,60;115,60;0,00;0,0%;;;123,20;120,00;3,20;2,6%;;
46,80;46,80;0,00;0,0%;;;85,60;83,40;2,20;2,6%;;
25,40;25,40;0,00;0,0%;;;152,40;148,60;3,80;2,5%;;
82,60;82,60;0,00;0,0%;;;126,80;123,80;3,00;2,4%;;
44,80;44,80;0,00;0,0%;;;76,20;74,40;1,80;2,4%;;
44,40;44,40;0,00;0,0%;;;59,40;58,00;1,40;2,4%;;
46,20;46,20;0,00;0,0%;;;119,20;116,40;2,80;2,3%;;
82,60;82,60;0,00;0,0%;;;256,60;250,60;6,00;2,3%;;
98,60;98,60;0,00;0,0%;;;125,60;122,80;2,80;2,2%;;
82,40;82,40;0,00;0,0%;;;140,40;137,40;3,00;2,1%;;
35,00;35,00;0,00;0,0%;;;206,20;201,80;4,40;2,1%;;
63,20;63,20;0,00;0,0%;;;245,40;240,20;5,20;2,1%;;
91,80;91,80;0,00;0,0%;;;171,80;168,20;3,60;2,1%;;
62,20;62,20;0,00;0,0%;;;67,00;65,60;1,40;2,1%;;
33,00;33,00;0,00;0,0%;;;363,80;356,40;7,40;2,0%;;
60,60;60,60;0,00;0,0%;;;363,80;356,40;7,40;2,0%;;
30,80;30,80;0,00;0,0%;;;148,00;145,00;3,00;2,0%;;
82,60;82,60;0,00;0,0%;;;71,00;69,60;1,40;2,0%;;
51,80;51,80;0,00;0,0%;;;111,80;109,60;2,20;2,0%;;
32,60;32,60;0,00;0,0%;;;102,80;100,80;2,00;1,9%;;
87,60;87,60;0,00;0,0%;;;207,20;203,20;4,00;1,9%;;
65,00;65,00;0,00;0,0%;;;393,80;386,40;7,40;1,9%;;
112,20;112,20;0,00;0,0%;;;571,60;561,60;10,00;1,7%;;
74,80;74,80;0,00;0,0%;;;120,00;118,00;2,00;1,7%;;
74,60;74,60;0,00;0,0%;;;159,00;156,40;2,60;1,6%;;
61,60;61,60;0,00;0,0%;;;131,80;129,80;2,00;1,5%;;
50,00;50,00;0,00;0,0%;;;174,80;172,20;2,60;1,5%;;
53,40;53,40;0,00;0,0%;;;70,60;69,60;1,00;1,4%;;
142,80;142,80;0,00;0,0%;;;213,20;210,20;3,00;1,4%;;
24,00;24,00;0,00;0,0%;;;116,80;115,20;1,60;1,4%;;
40,00;40,00;0,00;0,0%;;;73,40;72,40;1,00;1,4%;;
128,60;128,60;0,00;0,0%;;;147,20;145,20;2,00;1,4%;;
130,20;130,20;0,00;0,0%;;;229,00;226,00;3,00;1,3%;;
45,60;45,60;0,00;0,0%;;;168,20;166,00;2,20;1,3%;;
52,60;52,60;0,00;0,0%;;;79,00;78,00;1,00;1,3%;;
45,80;45,80;0,00;0,0%;;;113,00;111,60;1,40;1,2%;;
138,00;138,00;0,00;0,0%;;;131,20;129,60;1,60;1,2%;;
91,40;91,40;0,00;0,0%;;;164,80;162,80;2,00;1,2%;;
88,00;88,00;0,00;0,0%;;;100,00;98,80;1,20;1,2%;;
83,60;83,60;0,00;0,0%;;;186,20;184,00;2,20;1,2%;;
33,40;33,40;0,00;0,0%;;;184,00;182,00;2,00;1,1%;;
49,20;49,20;0,00;0,0%;;;118,20;117,00;1,20;1,0%;;
67,00;67,00;0,00;0,0%;;;99,80;98,80;1,00;1,0%;;
57,20;57,20;0,00;0,0%;;;101,60;100,60;1,00;1,0%;;
78,80;78,80;0,00;0,0%;;;199,20;197,40;1,80;0,9%;;
102,20;102,20;0,00;0,0%;;;77,40;76,80;0,60;0,8%;;
62,40;62,40;0,00;0,0%;;;79,40;78,80;0,60;0,8%;;
38,80;38,80;0,00;0,0%;;;170,20;169,00;1,20;0,7%;;
46,00;46,00;0,00;0,0%;;;88,20;87,60;0,60;0,7%;;
53,40;53,40;0,00;0,0%;;;62,60;62,20;0,40;0,6%;;
43,80;43,80;0,00;0,0%;;;65,20;64,80;0,40;0,6%;;
83,60;83,60;0,00;0,0%;;;86,00;85,60;0,40;0,5%;;
102,00;102,00;0,00;0,0%;;;76,60;76,40;0,20;0,3%;;
75,40;75,40;0,00;0,0%;;;102,20;102,00;0,20;0,2%;;
79,80;79,80;0,00;0,0%;;;146,00;145,80;0,20;0,1%;;
44,60;44,60;0,00;0,0%;;;212,00;211,80;0,20;0,1%;;
31,20;31,20;0,00;0,0%;;;157,00;157,00;0,00;0,0%;;
42,40;42,40;0,00;0,0%;;;114,40;114,40;0,00;0,0%;;
46,60;46,60;0,00;0,0%;;;110,60;110,60;0,00;0,0%;;
89,60;89,60;0,00;0,0%;;;74,40;74,40;0,00;0,0%;;
39,40;39,40;0,00;0,0%;;;67,80;67,80;0,00;0,0%;;
57,60;57,60;0,00;0,0%;;;178,20;178,20;0,00;0,0%;;
65,40;65,40;0,00;0,0%;;;94,80;94,80;0,00;0,0%;;
75,00;75,00;0,00;0,0%;;;89,00;89,00;0,00;0,0%;;
32,00;32,00;0,00;0,0%;;;79,60;79,60;0,00;0,0%;;
51,40;51,40;0,00;0,0%;;;174,00;174,00;0,00;0,0%;;
42,00;42,00;0,00;0,0%;;;120,60;120,60;0,00;0,0%;;
99,40;99,40;0,00;0,0%;;;52,40;52,40;0,00;0,0%;;
51,60;51,60;0,00;0,0%;;;149,20;149,20;0,00;0,0%;;
93,20;93,20;0,00;0,0%;;;74,40;74,40;0,00;0,0%;;
83,40;83,40;0,00;0,0%;;;80,80;80,80;0,00;0,0%;;
69,60;69,60;0,00;0,0%;;;108,40;108,40;0,00;0,0%;;
60,60;60,60;0,00;0,0%;;;135,40;135,40;0,00;0,0%;;
86,60;86,60;0,00;0,0%;;;119,40;119,40;0,00;0,0%;;
49,80;49,80;0,00;0,0%;;;111,40;111,40;0,00;0,0%;;
76,80;76,80;0,00;0,0%;;;78,60;78,60;0,00;0,0%;;
79,80;79,80;0,00;0,0%;;;75,00;75,00;0,00;0,0%;;
55,60;55,60;0,00;0,0%;;;132,40;132,40;0,00;0,0%;;
41,60;41,60;0,00;0,0%;;;94,80;94,80;0,00;0,0%;;
66,20;66,20;0,00;0,0%;;;93,00;93,00;0,00;0,0%;;
100,60;100,60;0,00;0,0%;;;193,20;193,20;0,00;0,0%;;
61,20;61,20;0,00;0,0%;;;154,20;154,20;0,00;0,0%;;
130,40;130,40;0,00;0,0%;;;132,80;132,80;0,00;0,0%;;
60,80;60,80;0,00;0,0%;;;101,20;101,20;0,00;0,0%;;
66,60;66,60;0,00;0,0%;;;175,40;175,40;0,00;0,0%;;
60,20;60,20;0,00;0,0%;;;124,00;124,00;0,00;0,0%;;
256,20;256,20;0,00;0,0%;;;109,80;109,80;0,00;0,0%;;
47,20;47,20;0,00;0,0%;;;121,80;121,80;0,00;0,0%;;
32,80;32,80;0,00;0,0%;;;111,40;111,40;0,00;0,0%;;
42,40;42,40;0,00;0,0%;;;49,40;49,40;0,00;0,0%;;
61,60;61,60;0,00;0,0%;;;64,00;64,00;0,00;0,0%;;
53,40;53,40;0,00;0,0%;;;168,20;168,20;0,00;0,0%;;
108,60;108,60;0,00;0,0%;;;67,40;67,40;0,00;0,0%;;
56,40;56,40;0,00;0,0%;;;54,60;54,60;0,00;0,0%;;
62,60;62,60;0,00;0,0%;;;35,80;35,80;0,00;0,0%;;
87,80;87,80;0,00;0,0%;;;62,00;62,00;0,00;0,0%;;
55,40;55,40;0,00;0,0%;;;69,40;69,40;0,00;0,0%;;
65,00;65,00;0,00;0,0%;;;91,20;91,20;0,00;0,0%;;
42,60;42,60;0,00;0,0%;;;218,60;218,60;0,00;0,0%;;
58,40;58,40;0,00;0,0%;;;96,20;96,20;0,00;0,0%;;
43,40;43,40;0,00;0,0%;;;170,60;170,60;0,00;0,0%;;
53,60;53,60;0,00;0,0%;;;109,00;109,00;0,00;0,0%;;
31,80;31,80;0,00;0,0%;;;166,40;166,40;0,00;0,0%;;
40,00;40,00;0,00;0,0%;;;96,60;96,60;0,00;0,0%;;
46,80;46,80;0,00;0,0%;;;112,20;112,20;0,00;0,0%;;
33,40;33,40;0,00;0,0%;;;86,60;86,60;0,00;0,0%;;
66,80;66,80;0,00;0,0%;;;82,60;82,60;0,00;0,0%;;
62,20;62,20;0,00;0,0%;;;199,20;199,20;0,00;0,0%;;
88,20;88,20;0,00;0,0%;;;185,60;185,60;0,00;0,0%;;
53,20;53,20;0,00;0,0%;;;73,20;73,20;0,00;0,0%;;
109,80;109,80;0,00;0,0%;;;131,60;131,60;0,00;0,0%;;
82,00;82,00;0,00;0,0%;;;65,40;65,40;0,00;0,0%;;
27,00;27,00;0,00;0,0%;;;131,60;131,60;0,00;0,0%;;
91,40;91,40;0,00;0,0%;;;122,80;122,80;0,00;0,0%;;
75,40;75,40;0,00;0,0%;;;117,00;117,00;0,00;0,0%;;
70,80;70,80;0,00;0,0%;;;78,80;78,80;0,00;0,0%;;
81,20;81,20;0,00;0,0%;;;130,40;130,40;0,00;0,0%;;
43,60;43,60;0,00;0,0%;;;125,80;125,80;0,00;0,0%;;
58,60;58,60;0,00;0,0%;;;217,20;217,20;0,00;0,0%;;
53,40;53,40;0,00;0,0%;;;80,80;80,80;0,00;0,0%;;
36,20;36,20;0,00;0,0%;;;145,40;145,40;0,00;0,0%;;
102,20;102,20;0,00;0,0%;;;82,00;82,00;0,00;0,0%;;
26,60;26,60;0,00;0,0%;;;115,00;115,00;0,00;0,0%;;
40,60;40,60;0,00;0,0%;;;96,00;96,00;0,00;0,0%;;
102,60;102,60;0,00;0,0%;;;98,40;98,40;0,00;0,0%;;
66,00;66,00;0,00;0,0%;;;59,20;59,20;0,00;0,0%;;
114,20;114,20;0,00;0,0%;;;57,40;57,40;0,00;0,0%;;
104,80;104,80;0,00;0,0%;;;114,20;114,20;0,00;0,0%;;